rank,name,score,country,year,category,votes,quote,douban_url,enable_urls
1,肖申克的救赎,9.7,美国,1994,犯罪;剧情,2683910,希望让人自由。,https://movie.douban.com/subject/1292052/,http%3A%2F%2Fwww.iqiyi.com%2Fv_19rra0h3wg.html%3Fvfm%3Dm_331_dbdy%26fv%3D4904d94982104144a1548dd9040df241&subtype=9&type=online-video;http%3A%2F%2Fv.youku.com%2Fv_show%2Fid_XMjgwNDkwNzE2.html%3Ftpa%3DdW5pb25faWQ9MzAwMDA4XzEwMDAwMl8wMl8wMQ%26refer%3Desfhz_operation.xuka.xj_00003036_000000_FNZfau_19010900&subtype=3&type=online-video;http%3A%2F%2Fv.qq.com%2Fx%2Fcover%2F1o29ui77e85grdr.html%3Fptag%3Ddouban.movie&subtype=1&type=online-video;https%3A%2F%2Fwww.bilibili.com%2Fbangumi%2Fplay%2Fss28274%3Fbsource%3Ddouban&subtype=8&type=online-video&link2key=bba17a94aa
2,霸王别姬,9.6,中国大陆 中国香港,1993,剧情;爱情;同性,1990896,风华绝代。,https://movie.douban.com/subject/1291546/,http%3A%2F%2Fwww.mgtv.com%2Fb%2F9015%2F4828668.html%3Fcxid%3D94l62sj44&subtype=7&type=online-video;http%3A%2F%2Fv.youku.com%2Fv_show%2Fid_XMzA1NTAzNjAwMA%3D%3D.html%3Ftpa%3DdW5pb25faWQ9MzAwMDA4XzEwMDAwMl8wMl8wMQ%26refer%3Desfhz_operation.xuka.xj_00003036_000000_FNZfau_19010900&subtype=3&type=online-video;http%3A%2F%2Fv.qq.com%2Fx%2Fcover%2Fj3czmhisqin799r.html%3Fptag%3Ddouban.movie&subtype=1&type=online-video;https%3A%2F%2Fwww.bilibili.com%2Fbangumi%2Fplay%2Fep317650&subtype=8&type=online-video&link2key=1e3e8989c9;https%3A%2F%2Fwww.1905.com%2Fvod%2Fplay%2F682663.shtml%3F__hz%3D6e0721b2c6977135%26api_source%3Ddouban_vodadd&subtype=13&type=online-video&link2key=1e3e8989c9;https%3A%2F%2Fwww.ixigua.com%2Fcinema%2Falbum%2F7Zxonsdr6nx%3Futm_source%3Ddouban&subtype=17&type=online-video&link2key=1e3e8989c9
3,阿甘正传,9.5,美国,1994,剧情;爱情,2015538,一部美国近现代史。,https://movie.douban.com/subject/1292720/,https%3A%2F%2Fm.miguvideo.com%2Fmgs%2Fmsite%2Fprd%2Fdetail.html%3Fcid%3D714205994%26pwId%3Dd01197d3076b4164af82983c408bb996&subtype=15&type=online-video&link2key=fba2c08e01;http%3A%2F%2Fwww.iqiyi.com%2Fv_19rrk3u264.html%3Fvfm%3Dm_331_dbdy%26fv%3D4904d94982104144a1548dd9040df241&subtype=9&type=online-video;http%3A%2F%2Fv.youku.com%2Fv_show%2Fid_XMTMzMDI2NjUzNg%3D%3D.html%3Ftpa%3DdW5pb25faWQ9MzAwMDA4XzEwMDAwMl8wMl8wMQ%26refer%3Desfhz_operation.xuka.xj_00003036_000000_FNZfau_19010900&subtype=3&type=online-video;http%3A%2F%2Fv.qq.com%2Fx%2Fcover%2Fr6hc2kqgvnmiejn.html%3Fptag%3Ddouban.movie&subtype=1&type=online-video;https%3A%2F%2Fwww.bilibili.com%2Fbangumi%2Fplay%2Fss25568%3Fbsource%3Ddouban&subtype=8&type=online-video&link2key=fba2c08e01;https%3A%2F%2Fwww.ixigua.com%2Fcinema%2Falbum%2F80mXfTyDMFo%3Futm_source%3Ddouban&subtype=17&type=online-video&link2key=fba2c08e01
4,泰坦尼克号,9.4,美国 墨西哥 澳大利亚 加拿大,1997,剧情;爱情;灾难,1974639,失去的才是永恒的。 ,https://movie.douban.com/subject/1292722/,http%3A%2F%2Fv.qq.com%2Fx%2Fcover%2Ft5jqhgw8pix81mw.html%3Fptag%3Ddouban.movie&subtype=1&type=online-video;http%3A%2F%2Fwww.iqiyi.com%2Fv_19rrny4w8w.html%3Fvfm%3Dm_331_dbdy%26fv%3D4904d94982104144a1548dd9040df241&subtype=9&type=online-video;http%3A%2F%2Fwww.mgtv.com%2Fb%2F49027%2F592751.html%3Fcxid%3Dvb4rv4jhk&subtype=7&type=online-video;https%3A%2F%2Fwww.ixigua.com%2Fcinema%2Falbum%2F87JVLZvgGub%3Futm_source%3Ddouban&subtype=17&type=online-video&link2key=f98a810768
5,这个杀手不太冷,9.4,法国 美国,1994,剧情;动作;犯罪,2159383,怪蜀黍和小萝莉不得不说的故事。,https://movie.douban.com/subject/1295644/,
6,美丽人生,9.6,意大利,1997,剧情;喜剧;爱情;战争,1237460,最美的谎言。,https://movie.douban.com/subject/1292063/,http%3A%2F%2Fv.qq.com%2Fx%2Fcover%2F1weku8f23n0j12s.html%3Fptag%3Ddouban.movie&subtype=1&type=online-video;http%3A%2F%2Fwww.iqiyi.com%2Fv_19rrjqfdbc.html%3Fvfm%3Dm_331_dbdy%26fv%3D4904d94982104144a1548dd9040df241&subtype=9&type=online-video
7,千与千寻,9.4,日本,2001,剧情;动画;奇幻,2091742,最好的宫崎骏，最好的久石让。 ,https://movie.douban.com/subject/1291561/,
8,辛德勒的名单,9.6,美国,1993,剧情;历史;战争,1032430,拯救一个人，就是拯救整个世界。,https://movie.douban.com/subject/1295124/,http%3A%2F%2Fv.youku.com%2Fv_show%2Fid_XMzU2MjYwNzQ0.html%3Ftpa%3DdW5pb25faWQ9MzAwMDA4XzEwMDAwMl8wMl8wMQ%26refer%3Desfhz_operation.xuka.xj_00003036_000000_FNZfau_19010900&subtype=3&type=online-video;http%3A%2F%2Fv.qq.com%2Fx%2Fcover%2Fdr37tbvercpqsko.html%3Fptag%3Ddouban.movie&subtype=1&type=online-video;http%3A%2F%2Fwww.iqiyi.com%2Fv_19rrhx0z4o.html%3Fvfm%3Dm_331_dbdy%26fv%3D4904d94982104144a1548dd9040df241&subtype=9&type=online-video;https%3A%2F%2Fwww.ixigua.com%2Fcinema%2Falbum%2F80e4Y4QTHKS%3Futm_source%3Ddouban&subtype=17&type=online-video&link2key=7be774ac8e
9,盗梦空间,9.4,美国 英国,2010,剧情;科幻;悬疑;冒险,1928635,诺兰给了我们一场无法盗取的梦。,https://movie.douban.com/subject/3541415/,http%3A%2F%2Fwww.iqiyi.com%2Fv_19rra64i9c.html%3Fvfm%3Dm_331_dbdy%26fv%3D4904d94982104144a1548dd9040df241&subtype=9&type=online-video;http%3A%2F%2Fv.qq.com%2Fx%2Fcover%2Fh0meep6p766jgqh.html%3Fptag%3Ddouban.movie&subtype=1&type=online-video;https%3A%2F%2Fwww.bilibili.com%2Fbangumi%2Fplay%2Fss28586%3Fbsource%3Ddouban&subtype=8&type=online-video&link2key=d2997211df
10,星际穿越,9.4,美国 英国 加拿大,2014,剧情;科幻;冒险,1630682,爱是一种力量，让我们超越时空感知它的存在。,https://movie.douban.com/subject/1889243/,http%3A%2F%2Fwww.iqiyi.com%2Fv_19rr7qhp7c.html%3Fvfm%3Dm_331_dbdy%26fv%3D4904d94982104144a1548dd9040df241&subtype=9&type=online-video;http%3A%2F%2Fwww.mgtv.com%2Fb%2F51294%2F1502690.html%3Fcxid%3Dvb4rv4jhk&subtype=7&type=online-video;http%3A%2F%2Fv.youku.com%2Fv_show%2Fid_XODkzNzA4ODM2.html%3Ftpa%3DdW5pb25faWQ9MzAwMDA4XzEwMDAwMl8wMl8wMQ%26refer%3Desfhz_operation.xuka.xj_00003036_000000_FNZfau_19010900&subtype=3&type=online-video;http%3A%2F%2Fv.qq.com%2Fx%2Fcover%2Fc2seabnsfozypl8.html%3Fptag%3Ddouban.movie&subtype=1&type=online-video;https%3A%2F%2Fwww.bilibili.com%2Fbangumi%2Fplay%2Fss28585%3Fbsource%3Ddouban&subtype=8&type=online-video&link2key=02795b3754
11,忠犬八公的故事,9.4,美国 英国,2009,剧情,1316064,永远都不能忘记你所爱的人。,https://movie.douban.com/subject/3011091/,
12,楚门的世界,9.3,美国,1998,剧情;科幻,1550042,如果再也不能见到你，祝你早安，午安，晚安。,https://movie.douban.com/subject/1292064/,https%3A%2F%2Fm.miguvideo.com%2Fmgs%2Fmsite%2Fprd%2Fdetail.html%3Fcid%3D714209619%26pwId%3Dd01197d3076b4164af82983c408bb996&subtype=15&type=online-video&link2key=9300092005;http%3A%2F%2Fv.qq.com%2Fx%2Fcover%2F31082i4u5ovkrl0.html%3Fptag%3Ddouban.movie&subtype=1&type=online-video;http%3A%2F%2Fwww.iqiyi.com%2Fv_19rrk3u9wg.html%3Fvfm%3Dm_331_dbdy%26fv%3D4904d94982104144a1548dd9040df241&subtype=9&type=online-video;http%3A%2F%2Fv.youku.com%2Fv_show%2Fid_XMTMyMzc3NDQwNA%3D%3D.html%3Ftpa%3DdW5pb25faWQ9MzAwMDA4XzEwMDAwMl8wMl8wMQ%26refer%3Desfhz_operation.xuka.xj_00003036_000000_FNZfau_19010900&subtype=3&type=online-video;https%3A%2F%2Fwww.ixigua.com%2Fcinema%2Falbum%2F80n4zpL1glF%3Futm_source%3Ddouban&subtype=17&type=online-video&link2key=9300092005;https%3A%2F%2Fwww.bilibili.com%2Fbangumi%2Fplay%2Fss25812%3Fbsource%3Ddouban&subtype=8&type=online-video&link2key=9300092005
13,海上钢琴师,9.3,意大利,1998,剧情;音乐,1570660,每个人都要走一条自己坚定了的路，就算是粉身碎骨。 ,https://movie.douban.com/subject/1292001/,http%3A%2F%2Fv.qq.com%2Fx%2Fcover%2Fzv5gmkkty7l0xl2.html%3Fptag%3Ddouban.movie&subtype=1&type=online-video;http%3A%2F%2Fwww.iqiyi.com%2Fv_19rr7r4y2o.html%3Fvfm%3Dm_331_dbdy%26fv%3D4904d94982104144a1548dd9040df241&subtype=9&type=online-video
14,三傻大闹宝莱坞,9.2,印度,2009,剧情;喜剧;爱情;歌舞,1747018,英俊版憨豆，高情商版谢耳朵。,https://movie.douban.com/subject/3793023/,http%3A%2F%2Fv.qq.com%2Fx%2Fcover%2Fx5ul2annjsbcwh8.html%3Fptag%3Ddouban.movie&subtype=1&type=online-video;http%3A%2F%2Fv.youku.com%2Fv_show%2Fid_XNDQ3OTEzOTA0MA%3D%3D.html%3Ftpa%3DdW5pb25faWQ9MzAwMDA4XzEwMDAwMl8wMl8wMQ%26refer%3Desfhz_operation.xuka.xj_00003036_000000_FNZfau_19010900&subtype=3&type=online-video
15,机器人总动员,9.3,美国,2008,科幻;动画;冒险,1234953,小瓦力，大人生。,https://movie.douban.com/subject/2131459/,https%3A%2F%2Fm.miguvideo.com%2Fmgs%2Fmsite%2Fprd%2Fdetail.html%3Fcid%3D721496957%26pwId%3Dd01197d3076b4164af82983c408bb996&subtype=15&type=online-video&link2key=976881da6a;http%3A%2F%2Fv.qq.com%2Fx%2Fcover%2Fvqeduf4egjyrc8w.html%3Fptag%3Ddouban.movie&subtype=1&type=online-video;https%3A%2F%2Fv.youku.com%2Fv_show%2Fid_XMTQxOTY4NDc0NA%3D%3D.html%3Fspm%3Da2h0c.8166622.PhoneSokuProgram_1.dtitle%26s%3Dcc0d64f4962411de83b1&subtype=3&type=online-video;http%3A%2F%2Fwww.iqiyi.com%2Fv_19rrjpwu8w.html%3Fvfm%3Dm_331_dbdy%26fv%3D4904d94982104144a1548dd9040df241&subtype=9&type=online-video;https%3A%2F%2Fwww.ixigua.com%2Fcinema%2Falbum%2F84YkP1SPIwL%3Futm_source%3Ddouban&subtype=17&type=online-video&link2key=976881da6a
16,放牛班的春天,9.3,法国 瑞士 德国,2004,剧情;喜剧;音乐,1218456,天籁一般的童声，是最接近上帝的存在。 ,https://movie.douban.com/subject/1291549/,
17,无间道,9.3,中国香港,2002,剧情;犯罪;惊悚,1248850,香港电影史上永不过时的杰作。,https://movie.douban.com/subject/1307914/,https%3A%2F%2Fm.miguvideo.com%2Fmgs%2Fmsite%2Fprd%2Fdetail.html%3Fcid%3D622793074%26pwId%3Dd01197d3076b4164af82983c408bb996&subtype=15&type=online-video&link2key=cfebaf7cbe;http%3A%2F%2Fwww.iqiyi.com%2Fv_19rrjefg34.html%3Fvfm%3Dm_331_dbdy%26fv%3D4904d94982104144a1548dd9040df241&subtype=9&type=online-video;http%3A%2F%2Fv.qq.com%2Fx%2Fcover%2Fsg5p4qp1s6jbyj8.html%3Fptag%3Ddouban.movie&subtype=1&type=online-video;https%3A%2F%2Fwww.ixigua.com%2F6532729694318494215%3FlogTag%3Dc3f243b884550e94a6b1&subtype=17&type=online-video&link2key=cfebaf7cbe;https%3A%2F%2Fwww.bilibili.com%2Fbangumi%2Fplay%2Fss32395%3Fbsource%3Ddouban&subtype=8&type=online-video&link2key=cfebaf7cbe
18,疯狂动物城,9.2,美国,2016,喜剧;动画;冒险,1772540,迪士尼给我们营造的乌托邦就是这样，永远善良勇敢，永远出乎意料。,https://movie.douban.com/subject/25662329/,https%3A%2F%2Fm.miguvideo.com%2Fmgs%2Fmsite%2Fprd%2Fdetail.html%3Fcid%3D701106113%26pwId%3Dd01197d3076b4164af82983c408bb996&subtype=15&type=online-video&link2key=0c4ad25e89;http%3A%2F%2Fwww.iqiyi.com%2Fv_19rrlpltbg.html%3Fvfm%3Dm_331_dbdy%26fv%3D4904d94982104144a1548dd9040df241&subtype=9&type=online-video;http%3A%2F%2Fv.youku.com%2Fv_show%2Fid_XMTU3MjI1MTk1Mg%3D%3D.html%3Ftpa%3DdW5pb25faWQ9MzAwMDA4XzEwMDAwMl8wMl8wMQ%26refer%3Desfhz_operation.xuka.xj_00003036_000000_FNZfau_19010900&subtype=3&type=online-video;http%3A%2F%2Fv.qq.com%2Fx%2Fcover%2Ffhe2h7sop52qzza.html%3Fptag%3Ddouban.movie&subtype=1&type=online-video;http%3A%2F%2Fwww.mgtv.com%2Fb%2F168294%2F3167498.html%3Fcxid%3Dvb4rv4jhk&subtype=7&type=online-video;https%3A%2F%2Fwww.ixigua.com%2Fcinema%2Falbum%2F84YkyDu66HY%3Futm_source%3Ddouban&subtype=17&type=online-video&link2key=0c4ad25e89
19,大话西游之大圣娶亲,9.2,中国香港 中国大陆,1995,喜剧;爱情;奇幻;古装,1432879,一生所爱。,https://movie.douban.com/subject/1292213/,http%3A%2F%2Fv.qq.com%2Fx%2Fcover%2Ffse52rd4klx7qn2.html%3Fptag%3Ddouban.movie&subtype=1&type=online-video;http%3A%2F%2Fwww.iqiyi.com%2Fv_19rrkqj66k.html%3Fvfm%3Dm_331_dbdy%26fv%3D4904d94982104144a1548dd9040df241&subtype=9&type=online-video
20,熔炉,9.3,韩国,2011,剧情,872178,我们一路奋战不是为了改变世界，而是为了不让世界改变我们。,https://movie.douban.com/subject/5912992/,
21,控方证人,9.6,美国,1957,剧情;犯罪;悬疑,484996,比利·怀德满分作品。,https://movie.douban.com/subject/1296141/,https%3A%2F%2Fm.miguvideo.com%2Fmgs%2Fmsite%2Fprd%2Fdetail.html%3Fcid%3D736746541%26pwId%3Dd01197d3076b4164af82983c408bb996&subtype=15&type=online-video&link2key=47c7eadae8;http%3A%2F%2Fv.youku.com%2Fv_show%2Fid_XMzgyMTYxOTk2.html%3Ftpa%3DdW5pb25faWQ9MzAwMDA4XzEwMDAwMl8wMl8wMQ%26refer%3Desfhz_operation.xuka.xj_00003036_000000_FNZfau_19010900&subtype=3&type=online-video;https%3A%2F%2Fwww.bilibili.com%2Fbangumi%2Fplay%2Fss34318%3Fbsource%3Ddouban&subtype=8&type=online-video&link2key=47c7eadae8;http%3A%2F%2Fvip.1905.com%2Fplay%2F1509554.shtml%3F__hz%3D6e0721b2c6977135%26api_source%3Ddouban_vodadd&subtype=13&type=online-video
22,教父,9.3,美国,1972,剧情;犯罪,893092,千万不要记恨你的对手，这样会让你失去理智。,https://movie.douban.com/subject/1291841/,https%3A%2F%2Fm.miguvideo.com%2Fmgs%2Fmsite%2Fprd%2Fdetail.html%3Fcid%3D714206349%26pwId%3Dd01197d3076b4164af82983c408bb996&subtype=15&type=online-video&link2key=c69ccb2ed6;http%3A%2F%2Fv.qq.com%2Fx%2Fcover%2Fx90v161tdg3lrzl.html%3Fptag%3Ddouban.movie&subtype=1&type=online-video;http%3A%2F%2Fwww.iqiyi.com%2Fv_19rrg3726w.html%3Fvfm%3Dm_331_dbdy%26fv%3D4904d94982104144a1548dd9040df241&subtype=9&type=online-video;http%3A%2F%2Fv.youku.com%2Fv_show%2Fid_XMTMzMDMxMTI2OA%3D%3D.html%3Ftpa%3DdW5pb25faWQ9MzAwMDA4XzEwMDAwMl8wMl8wMQ%26refer%3Desfhz_operation.xuka.xj_00003036_000000_FNZfau_19010900&subtype=3&type=online-video;https%3A%2F%2Fwww.bilibili.com%2Fbangumi%2Fplay%2Fss26416%3Fbsource%3Ddouban&subtype=8&type=online-video&link2key=c69ccb2ed6;https%3A%2F%2Fwww.ixigua.com%2Fcinema%2Falbum%2F80n81swSO4Z%3Futm_source%3Ddouban&subtype=17&type=online-video&link2key=c69ccb2ed6
23,当幸福来敲门,9.2,美国,2006,剧情;传记;家庭,1422508,平民励志片。 ,https://movie.douban.com/subject/1849031/,http%3A%2F%2Fv.qq.com%2Fx%2Fcover%2Fvbr7hkoebjpsrxb.html%3Fptag%3Ddouban.movie&subtype=1&type=online-video;http%3A%2F%2Fvip.1905.com%2Fplay%2F1212128.shtml%3F__hz%3D6e0721b2c6977135%26api_source%3Ddouban_vodadd&subtype=13&type=online-video;https%3A%2F%2Fwww.bilibili.com%2Fbangumi%2Fplay%2Fss38511%3Fbsource%3Ddouban&subtype=8&type=online-video&link2key=e98204056f
24,触不可及,9.3,法国,2011,剧情;喜剧,1007933,满满温情的高雅喜剧。,https://movie.douban.com/subject/6786002/,https%3A%2F%2Fm.miguvideo.com%2Fmgs%2Fmsite%2Fprd%2Fdetail.html%3Fcid%3D683944992%26pwId%3Dd01197d3076b4164af82983c408bb996&subtype=15&type=online-video&link2key=c1c49e81a2;http%3A%2F%2Fv.qq.com%2Fx%2Fcover%2Fkm0frs6ajyrstog.html%3Fptag%3Ddouban.movie&subtype=1&type=online-video;https%3A%2F%2Fwww.bilibili.com%2Fbangumi%2Fplay%2Fss39557%3Fbsource%3Ddouban&subtype=8&type=online-video&link2key=c1c49e81a2
25,怦然心动,9.1,美国,2010,剧情;喜剧;爱情,1709394,真正的幸福是来自内心深处。,https://movie.douban.com/subject/3319755/,http%3A%2F%2Fv.qq.com%2Fx%2Fcover%2F997m2fipgc6erv7.html%3Fptag%3Ddouban.movie&subtype=1&type=online-video;http%3A%2F%2Fwww.iqiyi.com%2Fv_19rra10k7w.html%3Fvfm%3Dm_331_dbdy%26fv%3D4904d94982104144a1548dd9040df241&subtype=9&type=online-video;https%3A%2F%2Fwww.bilibili.com%2Fbangumi%2Fplay%2Fss28980%3Fbsource%3Ddouban&subtype=8&type=online-video&link2key=659c70fa8f
26,龙猫,9.2,日本,1988,动画;奇幻;冒险,1181997,人人心中都有个龙猫，童年就永远不会消失。,https://movie.douban.com/subject/1291560/,http%3A%2F%2Fwww.iqiyi.com%2Fv_19rr7r4y5g.html%3Fvfm%3Dm_331_dbdy%26fv%3D4904d94982104144a1548dd9040df241&subtype=9&type=online-video
27,末代皇帝,9.3,英国 意大利 中国大陆 法国,1987,剧情;传记;历史,802655,“不要跟我比惨，我比你更惨”再适合这部电影不过了。,https://movie.douban.com/subject/1293172/,http%3A%2F%2Fv.youku.com%2Fv_show%2Fid_XMzk0ODg1NTgyNA%3D%3D.html%3Ftpa%3DdW5pb25faWQ9MzAwMDA4XzEwMDAwMl8wMl8wMQ%26refer%3Desfhz_operation.xuka.xj_00003036_000000_FNZfau_19010900&subtype=3&type=online-video;http%3A%2F%2Fwww.mgtv.com%2Fb%2F8318%2F298457.html%3Fcxid%3Dvb4rv4jhk&subtype=7&type=online-video;http%3A%2F%2Fv.qq.com%2Fx%2Fcover%2F29trop8s2ipr3es.html%3Fptag%3Ddouban.movie&subtype=1&type=online-video;https%3A%2F%2Fwww.bilibili.com%2Fbangumi%2Fplay%2Fep334037&subtype=8&type=online-video&link2key=5d43b8756e;https%3A%2F%2Fwww.ixigua.com%2Fcinema%2Falbum%2F7ZxOgC3inEv%3Futm_source%3Ddouban&subtype=17&type=online-video&link2key=5d43b8756e
28,寻梦环游记,9.1,美国,2017,喜剧;动画;奇幻;音乐,1531408,死亡不是真的逝去，遗忘才是永恒的消亡。,https://movie.douban.com/subject/20495023/,https%3A%2F%2Fm.miguvideo.com%2Fmgs%2Fmsite%2Fprd%2Fdetail.html%3Fcid%3D701225583%26pwId%3Dd01197d3076b4164af82983c408bb996&subtype=15&type=online-video&link2key=c285e2fdc0;http%3A%2F%2Fwww.mgtv.com%2Fb%2F322078%2F4265048.html%3Fcxid%3Dvb4rv4jhk&subtype=7&type=online-video;http%3A%2F%2Fv.youku.com%2Fv_show%2Fid_XMzM0MTU4ODQ5Mg%3D%3D.html%3Ftpa%3DdW5pb25faWQ9MzAwMDA4XzEwMDAwMl8wMl8wMQ%26refer%3Desfhz_operation.xuka.xj_00003036_000000_FNZfau_19010900&subtype=3&type=online-video;http%3A%2F%2Fv.qq.com%2Fx%2Fcover%2Fvjrvzv3s517g6m8.html%3Fptag%3Ddouban.movie&subtype=1&type=online-video;http%3A%2F%2Fwww.iqiyi.com%2Fv_19rr8cycvc.html%3Fvfm%3Dm_331_dbdy%26fv%3D4904d94982104144a1548dd9040df241&subtype=9&type=online-video;https%3A%2F%2Fwww.ixigua.com%2Fcinema%2Falbum%2F84YlvMeDBr7%3Futm_source%3Ddouban&subtype=17&type=online-video&link2key=c285e2fdc0
29,蝙蝠侠：黑暗骑士,9.2,美国 英国,2008,剧情;动作;科幻;犯罪;惊悚,986277,无尽的黑暗。,https://movie.douban.com/subject/1851857/,http%3A%2F%2Fwww.iqiyi.com%2Fv_19rra6zong.html%3Fvfm%3Dm_331_dbdy%26fv%3D4904d94982104144a1548dd9040df241&subtype=9&type=online-video;http%3A%2F%2Fv.qq.com%2Fx%2Fcover%2Fw7vmjen1fzoeygx.html%3Fptag%3Ddouban.movie&subtype=1&type=online-video;http%3A%2F%2Fv.youku.com%2Fv_show%2Fid_XNjQ5Nzk4Njg4.html%3Ftpa%3DdW5pb25faWQ9MzAwMDA4XzEwMDAwMl8wMl8wMQ%26refer%3Desfhz_operation.xuka.xj_00003036_000000_FNZfau_19010900&subtype=3&type=online-video;https%3A%2F%2Fwww.bilibili.com%2Fbangumi%2Fplay%2Fss28280%3Fbsource%3Ddouban&subtype=8&type=online-video&link2key=7c2893e6bf
30,活着,9.3,中国大陆 中国香港,1994,剧情;历史;家庭,773124,张艺谋最好的电影。,https://movie.douban.com/subject/1292365/,
31,哈利·波特与魔法石,9.2,美国 英国,2001,奇幻;冒险,1079661,童话世界的开端。,https://movie.douban.com/subject/1295038/,http%3A%2F%2Fv.youku.com%2Fv_show%2Fid_XMjg5MTk4NDI0.html%3Ftpa%3DdW5pb25faWQ9MzAwMDA4XzEwMDAwMl8wMl8wMQ%26refer%3Desfhz_operation.xuka.xj_00003036_000000_FNZfau_19010900&subtype=3&type=online-video;http%3A%2F%2Fv.qq.com%2Fx%2Fcover%2Fpb69zpzabgg1t7n.html%3Fptag%3Ddouban.movie&subtype=1&type=online-video;http%3A%2F%2Fwww.iqiyi.com%2Fv_19rx5hdt6o.html%3Fvfm%3Dm_331_dbdy%26fv%3D4904d94982104144a1548dd9040df241&subtype=9&type=online-video;https%3A%2F%2Fwww.bilibili.com%2Fbangumi%2Fplay%2Fss28281%3Fbsource%3Ddouban&subtype=8&type=online-video&link2key=24c8bc9efa
32,指环王3：王者无敌,9.3,美国 新西兰,2003,剧情;动作;奇幻;冒险,746153,史诗的终章。,https://movie.douban.com/subject/1291552/,http%3A%2F%2Fv.qq.com%2Fx%2Fcover%2Ftphyx6noqtfv27x.html%3Fptag%3Ddouban.movie&subtype=1&type=online-video;http%3A%2F%2Fwww.iqiyi.com%2Fv_19rra68crs.html%3Fvfm%3Dm_331_dbdy%26fv%3D4904d94982104144a1548dd9040df241&subtype=9&type=online-video;https%3A%2F%2Fwww.bilibili.com%2Fbangumi%2Fplay%2Fss33035%3Fbsource%3Ddouban&subtype=8&type=online-video&link2key=f9c0c95772
33,乱世佳人,9.3,美国,1939,剧情;历史;爱情;战争,643249,Tomorrow is another day.,https://movie.douban.com/subject/1300267/,http%3A%2F%2Fv.qq.com%2Fx%2Fcover%2Fgzdq4acw02m3ajs.html%3Fptag%3Ddouban.movie&subtype=1&type=online-video;http%3A%2F%2Fwww.iqiyi.com%2Fv_19rrjba8ec.html%3Fvfm%3Dm_331_dbdy%26fv%3D4904d94982104144a1548dd9040df241&subtype=9&type=online-video;http%3A%2F%2Fvip.1905.com%2Fplay%2F1329696.shtml%3F__hz%3D6e0721b2c6977135%26api_source%3Ddouban_vodadd&subtype=13&type=online-video;https%3A%2F%2Fwww.bilibili.com%2Fbangumi%2Fplay%2Fss31886%3Fbsource%3Ddouban&subtype=8&type=online-video&link2key=6d31a4a42c
34,素媛,9.3,韩国,2013,剧情,634702,受过伤害的人总是笑得最开心，因为他们不愿意让身边的人承受一样的痛苦。,https://movie.douban.com/subject/21937452/,
35,飞屋环游记,9.1,美国,2009,剧情;喜剧;动画;冒险,1236856,最后那些最无聊的事情，才是最值得怀念的。 ,https://movie.douban.com/subject/2129039/,https%3A%2F%2Fm.miguvideo.com%2Fmgs%2Fmsite%2Fprd%2Fdetail.html%3Fcid%3D701230601%26pwId%3Dd01197d3076b4164af82983c408bb996&subtype=15&type=online-video&link2key=42884cec18;http%3A%2F%2Fv.youku.com%2Fv_show%2Fid_XMTQxOTY1NTY5Ng%3D%3D.html%3Ftpa%3DdW5pb25faWQ9MzAwMDA4XzEwMDAwMl8wMl8wMQ%26refer%3Desfhz_operation.xuka.xj_00003036_000000_FNZfau_19010900&subtype=3&type=online-video;http%3A%2F%2Fwww.mgtv.com%2Fb%2F331661%2F6351005.html%3Fcxid%3Dvb4rv4jhk&subtype=7&type=online-video;http%3A%2F%2Fv.qq.com%2Fx%2Fcover%2Fw9gk2xdkyvez6yp.html%3Fptag%3Ddouban.movie&subtype=1&type=online-video;http%3A%2F%2Fwww.iqiyi.com%2Fv_19rrjpyvco.html%3Fvfm%3Dm_331_dbdy%26fv%3D4904d94982104144a1548dd9040df241&subtype=9&type=online-video;https%3A%2F%2Fwww.ixigua.com%2Fcinema%2Falbum%2F84YjMmMUXtq%3Futm_source%3Ddouban&subtype=17&type=online-video&link2key=42884cec18
36,我不是药神,9.0,中国大陆,2018,剧情;喜剧,1959521,对我们国家而言，这样的电影多一部是一部。,https://movie.douban.com/subject/26752088/,https%3A%2F%2Fm.miguvideo.com%2Fmgs%2Fmsite%2Fprd%2Fdetail.html%3Fcid%3D649118258%26pwId%3Dd01197d3076b4164af82983c408bb996&subtype=15&type=online-video&link2key=98cea805cf;http%3A%2F%2Fwww.mgtv.com%2Fb%2F323492%2F4705829.html%3Fcxid%3Dvb4rv4jhk&subtype=7&type=online-video;http%3A%2F%2Fv.youku.com%2Fv_show%2Fid_XMzgzOTgyMzc4MA%3D%3D.html%3Ftpa%3DdW5pb25faWQ9MzAwMDA4XzEwMDAwMl8wMl8wMQ%26refer%3Desfhz_operation.xuka.xj_00003036_000000_FNZfau_19010900&subtype=3&type=online-video;http%3A%2F%2Fwww.iqiyi.com%2Fv_19rreozmq8.html%3Fvfm%3Dm_331_dbdy%26fv%3D4904d94982104144a1548dd9040df241&subtype=9&type=online-video;http%3A%2F%2Fv.qq.com%2Fx%2Fcover%2Fog0eputlxwet1cn.html%3Fptag%3Ddouban.movie&subtype=1&type=online-video;http%3A%2F%2Fvip.1905.com%2Fplay%2F1348058.shtml%3F__hz%3D6e0721b2c6977135%26api_source%3Ddouban_vodadd&subtype=13&type=online-video;https%3A%2F%2Fwww.ixigua.com%2Fcinema%2Falbum%2F8eTb4DJgfAF%3Futm_source%3Ddouban&subtype=17&type=online-video&link2key=98cea805cf
37,摔跤吧！爸爸,9.0,印度,2016,剧情;传记;运动;家庭,1469577,你不是在为你一个人战斗，你要让千千万万的女性看到女生并不是只能相夫教子。,https://movie.douban.com/subject/26387939/,http%3A%2F%2Fv.qq.com%2Fx%2Fcover%2F2xxul4n2j8y0rxi.html%3Fptag%3Ddouban.movie&subtype=1&type=online-video;https%3A%2F%2Fwww.bilibili.com%2Fbangumi%2Fplay%2Fss12243%3Fbsource%3Ddouban&subtype=8&type=online-video&link2key=04e0ffc3e7
38,何以为家,9.1,黎巴嫩 美国 法国 塞浦路斯 卡塔尔 英国,2018,剧情,967989,凝视卑弱生命，用电影改变命运。,https://movie.douban.com/subject/30170448/,https%3A%2F%2Fm.miguvideo.com%2Fmgs%2Fmsite%2Fprd%2Fdetail.html%3Fcid%3D658320424%26pwId%3Dd01197d3076b4164af82983c408bb996&subtype=15&type=online-video&link2key=ca53675547;http%3A%2F%2Fv.youku.com%2Fv_show%2Fid_XNDIxODM5Nzg4NA%3D%3D.html%3Ftpa%3DdW5pb25faWQ9MzAwMDA4XzEwMDAwMl8wMl8wMQ%26refer%3Desfhz_operation.xuka.xj_00003036_000000_FNZfau_19010900&subtype=3&type=online-video;http%3A%2F%2Fwww.mgtv.com%2Fb%2F329242%2F5774236.html%3Fcxid%3Dvb4rv4jhk&subtype=7&type=online-video;http%3A%2F%2Fwww.iqiyi.com%2Fv_19rsfrzkj8.html%3Fvfm%3Dm_331_dbdy%26fv%3D4904d94982104144a1548dd9040df241&subtype=9&type=online-video;http%3A%2F%2Fv.qq.com%2Fx%2Fcover%2Feaa7qkjmlecfnp1.html%3Fptag%3Ddouban.movie&subtype=1&type=online-video;https%3A%2F%2Fwww.bilibili.com%2Fbangumi%2Fplay%2Fss33471%3Fbsource%3Ddouban&subtype=8&type=online-video&link2key=ca53675547
39,十二怒汉,9.4,美国,1957,剧情,447100,1957年的理想主义。 ,https://movie.douban.com/subject/1293182/,https%3A%2F%2Fm.miguvideo.com%2Fmgs%2Fmsite%2Fprd%2Fdetail.html%3Fcid%3D736743259%26pwId%3Dd01197d3076b4164af82983c408bb996&subtype=15&type=online-video&link2key=bb13dce622;http%3A%2F%2Fwww.iqiyi.com%2Fv_19rr7rgwgs.html%3Fvfm%3Dm_331_dbdy%26fv%3D4904d94982104144a1548dd9040df241&subtype=9&type=online-video;http%3A%2F%2Fv.youku.com%2Fv_show%2Fid_XMzgyMzc3Mjg0.html%3Ftpa%3DdW5pb25faWQ9MzAwMDA4XzEwMDAwMl8wMl8wMQ%26refer%3Desfhz_operation.xuka.xj_00003036_000000_FNZfau_19010900&subtype=3&type=online-video;https%3A%2F%2Fwww.ixigua.com%2Fcinema%2Falbum%2F7OK9bBRU6bl%3Futm_source%3Ddouban&subtype=17&type=online-video&link2key=bb13dce622;https%3A%2F%2Fwww.bilibili.com%2Fbangumi%2Fplay%2Fss34055%3Fbsource%3Ddouban&subtype=8&type=online-video&link2key=bb13dce622
40,哈尔的移动城堡,9.1,日本,2004,动画;奇幻;冒险,940991,带着心爱的人在天空飞翔。,https://movie.douban.com/subject/1308807/,https%3A%2F%2Fwww.iqiyi.com%2Fv_19rsbqtcjs.html&subtype=9&type=online-video
41,少年派的奇幻漂流,9.1,美国 中国台湾 英国 加拿大,2012,剧情;奇幻;冒险,1269771,瑰丽壮观、无人能及的冒险之旅。,https://movie.douban.com/subject/1929463/,http%3A%2F%2Fv.qq.com%2Fx%2Fcover%2Fphncvm1ns0sygig.html%3Fptag%3Ddouban.movie&subtype=1&type=online-video;http%3A%2F%2Fwww.iqiyi.com%2Fv_19rrjv4kz0.html%3Fvfm%3Dm_331_dbdy%26fv%3D4904d94982104144a1548dd9040df241&subtype=9&type=online-video;http%3A%2F%2Fwww.mgtv.com%2Fb%2F10388%2F379385.html%3Fcxid%3Dvb4rv4jhk&subtype=7&type=online-video;https%3A%2F%2Fwww.ixigua.com%2Fcinema%2Falbum%2F87JSTbWCpEG%3Futm_source%3Ddouban&subtype=17&type=online-video&link2key=5931639060
42,鬼子来了,9.3,中国大陆,2000,剧情;喜剧,579460,对敌人的仁慈，就是对自己残忍。,https://movie.douban.com/subject/1291858/,
43,猫鼠游戏,9.1,美国 加拿大,2002,传记;犯罪;剧情,920535,骗子大师和执著警探的你追我跑故事。 ,https://movie.douban.com/subject/1305487/,https%3A%2F%2Fm.miguvideo.com%2Fmgs%2Fmsite%2Fprd%2Fdetail.html%3Fcid%3D714470077%26pwId%3Dd01197d3076b4164af82983c408bb996&subtype=15&type=online-video&link2key=20fdf6640a;https%3A%2F%2Fv.youku.com%2Fv_show%2Fid_XMTMyNjIxNzM4OA%3D%3D.html%3Fspm%3Da2h0c.8166622.PhoneSokuProgram_1.3%26lang%3D%25E8%258B%25B1%25E8%25AF%25AD%26s%3Dcc0377c8962411de83b1&subtype=3&type=online-video;http%3A%2F%2Fwww.iqiyi.com%2Fv_19rrmxplc8.html%3Fvfm%3Dm_331_dbdy%26fv%3D4904d94982104144a1548dd9040df241&subtype=9&type=online-video;http%3A%2F%2Fv.qq.com%2Fx%2Fcover%2Fwtwpu1rqpe427mw.html%3Fptag%3Ddouban.movie&subtype=1&type=online-video;https%3A%2F%2Fwww.bilibili.com%2Fbangumi%2Fplay%2Fss25844%3Fbsource%3Ddouban&subtype=8&type=online-video&link2key=20fdf6640a;https%3A%2F%2Fwww.ixigua.com%2Fcinema%2Falbum%2F80o5LJUzUWq%3Futm_source%3Ddouban&subtype=17&type=online-video&link2key=20fdf6640a
44,大话西游之月光宝盒,9.0,中国香港 中国大陆,1995,喜剧;爱情;奇幻;古装,1141765,旷古烁今。,https://movie.douban.com/subject/1299398/,http%3A%2F%2Fwww.iqiyi.com%2Fv_19rrjzdves.html%3Fvfm%3Dm_331_dbdy%26fv%3D4904d94982104144a1548dd9040df241&subtype=9&type=online-video;https%3A%2F%2Fwww.1905.com%2Fvod%2Fplay%2F85525.shtml%3F__hz%3D6e0721b2c6977135%26api_source%3Ddouban_vodadd&subtype=13&type=online-video&link2key=c80a234a2d
45,让子弹飞,9.0,中国大陆 中国香港,2010,剧情;喜剧;动作;西部,1569335,你给我翻译翻译，神马叫做TMD的惊喜。,https://movie.douban.com/subject/3742360/,http%3A%2F%2Fv.qq.com%2Fx%2Fcover%2Frzpyce9pmxayzvb.html%3Fptag%3Ddouban.movie&subtype=1&type=online-video
46,天空之城,9.1,日本,1986,动画;奇幻;冒险,766863,对天空的追逐，永不停止。 ,https://movie.douban.com/subject/1291583/,
47,钢琴家,9.3,英国 法国 波兰 德国,2002,剧情;传记;战争;音乐,570026,音乐能化解仇恨。,https://movie.douban.com/subject/1296736/,https%3A%2F%2Fm.miguvideo.com%2Fmgs%2Fmsite%2Fprd%2Fdetail.html%3Fcid%3D635995587%26pwId%3Dd01197d3076b4164af82983c408bb996&subtype=15&type=online-video&link2key=8faa7be02e;http%3A%2F%2Fv.qq.com%2Fx%2Fcover%2Fg6n8noz3gmbiz4o.html%3Fptag%3Ddouban.movie&subtype=1&type=online-video;http%3A%2F%2Fwww.iqiyi.com%2Fv_19rrho71bg.html%3Fvfm%3Dm_331_dbdy%26fv%3D4904d94982104144a1548dd9040df241&subtype=9&type=online-video;https%3A%2F%2Fv.youku.com%2Fv_show%2Fid_XNzMxODYxNDYw.html%3Fspm%3Da2h0c.8166622.PhoneSokuProgram_1.3%26lang%3D%25E8%258B%25B1%25E8%25AF%25AD%26s%3Dcc00fa5c962411de83b1&subtype=3&type=online-video;https%3A%2F%2Fwww.bilibili.com%2Fbangumi%2Fplay%2Fss26973%3Fbsource%3Ddouban&subtype=8&type=online-video&link2key=8faa7be02e
48,指环王2：双塔奇兵,9.2,美国 新西兰,2002,剧情;动作;奇幻;冒险,697161,承前启后的史诗篇章。,https://movie.douban.com/subject/1291572/,http%3A%2F%2Fv.qq.com%2Fx%2Fcover%2Fe2rt42iw6cv1ndq.html%3Fptag%3Ddouban.movie&subtype=1&type=online-video;https%3A%2F%2Fv.youku.com%2Fv_show%2Fid_XMjkxNDMwMzky.html%3Fspm%3Da2h0c.8166622.PhoneSokuProgramSeries_3.dposter_1%26s%3Dbf8cca2a8c3711e0a046&subtype=3&type=online-video;https%3A%2F%2Fwww.bilibili.com%2Fbangumi%2Fplay%2Fss33034%3Fbsource%3Ddouban&subtype=8&type=online-video&link2key=dc43055e80
49,闻香识女人,9.1,美国,1992,剧情,814258,史上最美的探戈。,https://movie.douban.com/subject/1298624/,https%3A%2F%2Fm.miguvideo.com%2Fmgs%2Fmsite%2Fprd%2Fdetail.html%3Fcid%3D656781956%26pwId%3Dd01197d3076b4164af82983c408bb996&subtype=15&type=online-video&link2key=3f0d7a5275;http%3A%2F%2Fv.youku.com%2Fv_show%2Fid_XMzUzMzM5ODU2.html%3Ftpa%3DdW5pb25faWQ9MzAwMDA4XzEwMDAwMl8wMl8wMQ%26refer%3Desfhz_operation.xuka.xj_00003036_000000_FNZfau_19010900&subtype=3&type=online-video;http%3A%2F%2Fv.qq.com%2Fx%2Fcover%2Fxv0kqtauy4972gp.html%3Fptag%3Ddouban.movie&subtype=1&type=online-video;http%3A%2F%2Fwww.iqiyi.com%2Fv_19rrhwtpa4.html%3Fvfm%3Dm_331_dbdy%26fv%3D4904d94982104144a1548dd9040df241&subtype=9&type=online-video;https%3A%2F%2Fwww.ixigua.com%2Fcinema%2Falbum%2F80e7g7qKgVM%3Futm_source%3Ddouban&subtype=17&type=online-video&link2key=3f0d7a5275
50,海蒂和爷爷,9.3,德国 瑞士,2015,剧情;冒险;家庭,520825,如果生活中有什么使你感到快乐，那就去做吧！不要管别人说什么。,https://movie.douban.com/subject/25958717/,https%3A%2F%2Fm.miguvideo.com%2Fmgs%2Fmsite%2Fprd%2Fdetail.html%3Fcid%3D624310278%26pwId%3Dd01197d3076b4164af82983c408bb996&subtype=15&type=online-video&link2key=e5a60d570f;http%3A%2F%2Fwww.mgtv.com%2Fb%2F330361%2F5933813.html%3Fcxid%3D94l62sj44&subtype=7&type=online-video;http%3A%2F%2Fv.youku.com%2Fv_show%2Fid_XMzI0MTQzMTg0OA%3D%3D.html%3Ftpa%3DdW5pb25faWQ9MzAwMDA4XzEwMDAwMl8wMl8wMQ%26refer%3Desfhz_operation.xuka.xj_00003036_000000_FNZfau_19010900&subtype=3&type=online-video;https%3A%2F%2Fwww.bilibili.com%2Fbangumi%2Fplay%2Fss26976%3Fbsource%3Ddouban&subtype=8&type=online-video&link2key=e5a60d570f
51,天堂电影院,9.2,意大利 法国,1988,剧情;爱情,641464,那些吻戏，那些青春，都在影院的黑暗里被泪水冲刷得无比清晰。,https://movie.douban.com/subject/1291828/,http%3A%2F%2Fv.qq.com%2Fx%2Fcover%2Fcj48e9olxbbjiq7.html%3Fptag%3Ddouban.movie&subtype=1&type=online-video
52,罗马假日,9.1,美国,1953,喜剧;剧情;爱情,894084,爱情哪怕只有一天。,https://movie.douban.com/subject/1293839/,https%3A%2F%2Fm.miguvideo.com%2Fmgs%2Fmsite%2Fprd%2Fdetail.html%3Fcid%3D714326814%26pwId%3Dd01197d3076b4164af82983c408bb996&subtype=15&type=online-video&link2key=22f6306a0f;http%3A%2F%2Fv.qq.com%2Fx%2Fcover%2F4nxabytt44ngpry.html%3Fptag%3Ddouban.movie&subtype=1&type=online-video;http%3A%2F%2Fwww.iqiyi.com%2Fv_19rrk3rbyg.html%3Fvfm%3Dm_331_dbdy%26fv%3D4904d94982104144a1548dd9040df241&subtype=9&type=online-video;http%3A%2F%2Fv.youku.com%2Fv_show%2Fid_XNDMxNzY0ODE2.html%3Ftpa%3DdW5pb25faWQ9MzAwMDA4XzEwMDAwMl8wMl8wMQ%26refer%3Desfhz_operation.xuka.xj_00003036_000000_FNZfau_19010900&subtype=3&type=online-video;https%3A%2F%2Fwww.ixigua.com%2Fcinema%2Falbum%2F7OK9bjnZs4Z%3Futm_source%3Ddouban&subtype=17&type=online-video&link2key=22f6306a0f;https%3A%2F%2Fwww.bilibili.com%2Fbangumi%2Fplay%2Fss27504%3Fbsource%3Ddouban&subtype=8&type=online-video&link2key=22f6306a0f;http%3A%2F%2Fvip.1905.com%2Fplay%2F962686.shtml%3F__hz%3D6e0721b2c6977135%26api_source%3Ddouban_vodadd&subtype=13&type=online-video
53,黑客帝国,9.1,美国,1999,动作;科幻,783226,视觉革命。,https://movie.douban.com/subject/1291843/,
54,指环王1：护戒使者,9.1,新西兰 美国,2001,剧情;动作;奇幻;冒险,787061,传说的开始。,https://movie.douban.com/subject/1291571/,https%3A%2F%2Fv.youku.com%2Fv_show%2Fid_XMjkxNDMwMTUy.html%3Fspm%3Da2h0c.8166622.PhoneSokuProgram_1.3%26s%3Dbb08e8728c3611e0a046&subtype=3&type=online-video;http%3A%2F%2Fv.qq.com%2Fx%2Fcover%2F5jnb4fae4hzic9g.html%3Fptag%3Ddouban.movie&subtype=1&type=online-video;http%3A%2F%2Fwww.iqiyi.com%2Fv_19rra68glc.html%3Fvfm%3Dm_331_dbdy%26fv%3D4904d94982104144a1548dd9040df241&subtype=9&type=online-video;https%3A%2F%2Fwww.bilibili.com%2Fbangumi%2Fplay%2Fss33033%3Fbsource%3Ddouban&subtype=8&type=online-video&link2key=1529b29923
55,大闹天宫,9.4,1964(中国大陆),1961(中国大陆),1978(中国大陆),397822,经典之作，历久弥新。,https://movie.douban.com/subject/1418019/,https%3A%2F%2Fm.miguvideo.com%2Fmgs%2Fmsite%2Fprd%2Fdetail.html%3Fcid%3D630099172%26pwId%3Dd01197d3076b4164af82983c408bb996&subtype=15&type=online-video&link2key=cfad148502;http%3A%2F%2Fv.qq.com%2Fx%2Fcover%2F63hlfa8yfrs1yza.html%3Fptag%3Ddouban.movie&subtype=1&type=online-video;http%3A%2F%2Fwww.iqiyi.com%2Fv_19rrkq3mxk.html%3Fvfm%3Dm_331_dbdy%26fv%3D4904d94982104144a1548dd9040df241&subtype=9&type=online-video;https%3A%2F%2Fv.youku.com%2Fv_show%2Fid_XODY1NjQzMTc2.html%3Fspm%3Da2h0c.8166622.PhoneSokuProgram_1.dselectbutton_1&subtype=3&type=online-video;https%3A%2F%2Fwww.1905.com%2Fvod%2Fplay%2F728574.shtml%3F__hz%3D6e0721b2c6977135%26api_source%3Ddouban_vodadd&subtype=13&type=online-video&link2key=cfad148502;https%3A%2F%2Fwww.bilibili.com%2Fbangumi%2Fplay%2Fss33220%3Fbsource%3Ddouban&subtype=8&type=online-video&link2key=cfad148502;https%3A%2F%2Fwww.ixigua.com%2Fcinema%2Falbum%2F8ow3InVI5pl_8ow3JTIqYWY%3Futm_source%3Ddouban&subtype=17&type=online-video&link2key=cfad148502
56,死亡诗社,9.1,美国,1989,剧情,659601,当一个死水般的体制内出现一个活跃的变数时，所有的腐臭都站在了光明的对面。,https://movie.douban.com/subject/1291548/,http%3A%2F%2Fv.qq.com%2Fx%2Fcover%2Fvpbpk93xbkkwa8q.html%3Fptag%3Ddouban.movie&subtype=1&type=online-video;http%3A%2F%2Fv.youku.com%2Fv_show%2Fid_XNjI3NDA5MzQ4.html%3Ftpa%3DdW5pb25faWQ9MzAwMDA4XzEwMDAwMl8wMl8wMQ%26refer%3Desfhz_operation.xuka.xj_00003036_000000_FNZfau_19010900&subtype=3&type=online-video;http%3A%2F%2Fwww.iqiyi.com%2Fv_19rrjblpq8.html%3Fvfm%3Dm_331_dbdy%26fv%3D4904d94982104144a1548dd9040df241&subtype=9&type=online-video
57,教父2,9.3,美国,1974,剧情;犯罪,506876,优雅的孤独。,https://movie.douban.com/subject/1299131/,https%3A%2F%2Fm.miguvideo.com%2Fmgs%2Fmsite%2Fprd%2Fdetail.html%3Fcid%3D715891662%26pwId%3Dd01197d3076b4164af82983c408bb996&subtype=15&type=online-video&link2key=4c10a26639;http%3A%2F%2Fwww.iqiyi.com%2Fv_19rrg3joh0.html%3Fvfm%3Dm_331_dbdy%26fv%3D4904d94982104144a1548dd9040df241&subtype=9&type=online-video;http%3A%2F%2Fv.qq.com%2Fx%2Fcover%2Fc2f26xjegzuyi16.html%3Fptag%3Ddouban.movie&subtype=1&type=online-video;http%3A%2F%2Fv.youku.com%2Fv_show%2Fid_XMTY4ODA5NTk3Mg%3D%3D.html%3Ftpa%3DdW5pb25faWQ9MzAwMDA4XzEwMDAwMl8wMl8wMQ%26refer%3Desfhz_operation.xuka.xj_00003036_000000_FNZfau_19010900&subtype=3&type=online-video;https%3A%2F%2Fwww.bilibili.com%2Fbangumi%2Fplay%2Fss26427%3Fbsource%3Ddouban&subtype=8&type=online-video&link2key=4c10a26639;https%3A%2F%2Fwww.ixigua.com%2Fcinema%2Falbum%2F80o4crt40If%3Futm_source%3Ddouban&subtype=17&type=online-video&link2key=4c10a26639
58,绿皮书,8.9,美国 中国大陆,2018,剧情;喜剧;传记;音乐,1510361,去除成见，需要勇气。,https://movie.douban.com/subject/27060077/,https%3A%2F%2Fm.miguvideo.com%2Fmgs%2Fmsite%2Fprd%2Fdetail.html%3Fcid%3D655866126%26pwId%3Dd01197d3076b4164af82983c408bb996&subtype=15&type=online-video&link2key=a4fca3926e;http%3A%2F%2Fv.qq.com%2Fx%2Fcover%2Fr9umzdo0yjelfg1.html%3Fptag%3Ddouban.movie&subtype=1&type=online-video;http%3A%2F%2Fv.youku.com%2Fv_show%2Fid_XNDA4MDcyMDI0OA%3D%3D.html%3Ftpa%3DdW5pb25faWQ9MzAwMDA4XzEwMDAwMl8wMl8wMQ%26refer%3Desfhz_operation.xuka.xj_00003036_000000_FNZfau_19010900&subtype=3&type=online-video;http%3A%2F%2Fwww.iqiyi.com%2Fv_19rr5eoxww.html%3Fvfm%3Dm_331_dbdy%26fv%3D4904d94982104144a1548dd9040df241&subtype=9&type=online-video;http%3A%2F%2Fwww.mgtv.com%2Fb%2F339647%2F8284379.html%3Fcxid%3Dvb4rv4jhk&subtype=7&type=online-video;https%3A%2F%2Fwww.bilibili.com%2Fbangumi%2Fplay%2Fss33615%3Fbsource%3Ddouban&subtype=8&type=online-video&link2key=a4fca3926e
59,辩护人,9.2,韩国,2013,剧情,553411,电影的现实意义大过电影本身。,https://movie.douban.com/subject/21937445/,
60,狮子王,9.1,美国,1994,动画;冒险;歌舞,776643,动物版《哈姆雷特》。,https://movie.douban.com/subject/1301753/,http%3A%2F%2Fv.youku.com%2Fv_show%2Fid_XMTQxOTgyMjEyOA%3D%3D.html%3Ftpa%3DdW5pb25faWQ9MzAwMDA4XzEwMDAwMl8wMl8wMQ%26refer%3Desfhz_operation.xuka.xj_00003036_000000_FNZfau_19010900&subtype=3&type=online-video;http%3A%2F%2Fv.qq.com%2Fx%2Fcover%2Flh4cj69w87hfodz.html%3Fptag%3Ddouban.movie&subtype=1&type=online-video;http%3A%2F%2Fwww.iqiyi.com%2Fv_19rr57r5jk.html%3Fvfm%3Dm_331_dbdy%26fv%3D4904d94982104144a1548dd9040df241&subtype=9&type=online-video;https%3A%2F%2Fwww.ixigua.com%2Fcinema%2Falbum%2F84Yn9rU9Tr5%3Futm_source%3Ddouban&subtype=17&type=online-video&link2key=77b3420393
61,搏击俱乐部,9.0,美国 德国 意大利,1999,剧情;动作;悬疑;惊悚,791534,邪恶与平庸蛰伏于同一个母体，在特定的时间互相对峙。,https://movie.douban.com/subject/1292000/,http%3A%2F%2Fv.qq.com%2Fx%2Fcover%2Fkgl9qa6vo5vpie5.html%3Fptag%3Ddouban.movie&subtype=1&type=online-video
62,饮食男女,9.2,中国台湾 美国,1994,剧情;家庭,569934,人生不能像做菜，把所有的料都准备好了才下锅。,https://movie.douban.com/subject/1291818/,
63,美丽心灵,9.1,美国,2001,传记;剧情,716977,爱是一切逻辑和原由。,https://movie.douban.com/subject/1306029/,https%3A%2F%2Fm.miguvideo.com%2Fmgs%2Fmsite%2Fprd%2Fdetail.html%3Fcid%3D714467758%26pwId%3Dd01197d3076b4164af82983c408bb996&subtype=15&type=online-video&link2key=351c60bca8;http%3A%2F%2Fwww.iqiyi.com%2Fv_19rrnppl5w.html%3Fvfm%3Dm_331_dbdy%26fv%3D4904d94982104144a1548dd9040df241&subtype=9&type=online-video;http%3A%2F%2Fv.youku.com%2Fv_show%2Fid_XMTMyNjMwMzgyNA%3D%3D.html%3Ftpa%3DdW5pb25faWQ9MzAwMDA4XzEwMDAwMl8wMl8wMQ%26refer%3Desfhz_operation.xuka.xj_00003036_000000_FNZfau_19010900&subtype=3&type=online-video;http%3A%2F%2Fv.qq.com%2Fx%2Fcover%2Fle1y6ytqnnd2ua2.html%3Fptag%3Ddouban.movie&subtype=1&type=online-video;https%3A%2F%2Fwww.ixigua.com%2Fcinema%2Falbum%2F80o4XNHugLc%3Futm_source%3Ddouban&subtype=17&type=online-video&link2key=351c60bca8;https%3A%2F%2Fwww.bilibili.com%2Fbangumi%2Fplay%2Fss26175%3Fbsource%3Ddouban&subtype=8&type=online-video&link2key=351c60bca8
64,本杰明·巴顿奇事,9.0,美国,2008,剧情;爱情;奇幻,919232,在时间之河里感受溺水之苦。,https://movie.douban.com/subject/1485260/,http%3A%2F%2Fwww.iqiyi.com%2Fv_19rra6pojw.html%3Fvfm%3Dm_331_dbdy%26fv%3D4904d94982104144a1548dd9040df241&subtype=9&type=online-video;http%3A%2F%2Fv.qq.com%2Fx%2Fcover%2F5y07fkhxzj48wcj.html%3Fptag%3Ddouban.movie&subtype=1&type=online-video;https%3A%2F%2Fv.youku.com%2Fv_show%2Fid_XNDA0NDExOTcyNA%3D%3D.html%3Fspm%3Da2hbt.13141534.1_3.d_1_1%26lang%3D%25E8%258B%25B1%25E8%25AF%25AD%26s%3D7acf02e08dae11e0a046%26scm%3D20140719.apircmd.46264.video_XNDA0NDExOTcyNA%3D%3D&subtype=3&type=online-video;https%3A%2F%2Fwww.bilibili.com%2Fbangumi%2Fplay%2Fss32351%3Fbsource%3Ddouban&subtype=8&type=online-video&link2key=85273d489e
65,窃听风暴,9.2,德国,2006,剧情;悬疑,525812,别样人生。,https://movie.douban.com/subject/1900841/,https%3A%2F%2Fv.youku.com%2Fv_show%2Fid_XMjUzNTEzMjc4MA%3D%3D.html%3Fspm%3Da2h0c.8166622.PhoneSokuProgram_1.3%26s%3Dcc0c03c0962411de83b1&subtype=3&type=online-video;http%3A%2F%2Fv.qq.com%2Fx%2Fcover%2Fih84bi86nzujfs5.html%3Fptag%3Ddouban.movie&subtype=1&type=online-video;https%3A%2F%2Fwww.bilibili.com%2Fbangumi%2Fplay%2Fss10081%3Fbsource%3Ddouban&subtype=8&type=online-video&link2key=d2de346ad2
66,穿条纹睡衣的男孩,9.2,英国 美国,2008,剧情;战争,513072,尽管有些不切实际的幻想，这部电影依旧是一部感人肺腑的佳作。,https://movie.douban.com/subject/3008247/,http%3A%2F%2Fv.qq.com%2Fx%2Fcover%2Fk2zh09k7oid23o0.html%3Fptag%3Ddouban.movie&subtype=1&type=online-video;http%3A%2F%2Fwww.iqiyi.com%2Fv_19rrjqdjlw.html%3Fvfm%3Dm_331_dbdy%26fv%3D4904d94982104144a1548dd9040df241&subtype=9&type=online-video
67,情书,8.9,日本,1995,剧情;爱情,1012215,暗恋的极致。,https://movie.douban.com/subject/1292220/,https%3A%2F%2Fm.miguvideo.com%2Fmgs%2Fmsite%2Fprd%2Fdetail.html%3Fcid%3D716142566%26pwId%3Dd01197d3076b4164af82983c408bb996&subtype=15&type=online-video&link2key=7bc015aa49;http%3A%2F%2Fv.youku.com%2Fv_show%2Fid_XNTE5ODM2MDg2NA%3D%3D.html%3Ftpa%3DdW5pb25faWQ9MzAwMDA4XzEwMDAwMl8wMl8wMQ%26refer%3Desfhz_operation.xuka.xj_00003036_000000_FNZfau_19010900&subtype=3&type=online-video;http%3A%2F%2Fv.qq.com%2Fx%2Fcover%2F8r1352nt8g4mgy1.html%3Fptag%3Ddouban.movie&subtype=1&type=online-video;http%3A%2F%2Fwww.iqiyi.com%2Fv_19rrho324c.html%3Fvfm%3Dm_331_dbdy%26fv%3D4904d94982104144a1548dd9040df241&subtype=9&type=online-video;https%3A%2F%2Fwww.bilibili.com%2Fbangumi%2Fplay%2Fss39429%3Fbsource%3Ddouban&subtype=8&type=online-video&link2key=7bc015aa49
68,两杆大烟枪,9.1,英国,1998,剧情;喜剧;犯罪,558573,4个臭皮匠顶个诸葛亮，盖·里奇果然不是盖的。,https://movie.douban.com/subject/1293350/,http%3A%2F%2Fwww.iqiyi.com%2Fv_19rrk3zxd4.html%3Fvfm%3Dm_331_dbdy%26fv%3D4904d94982104144a1548dd9040df241&subtype=9&type=online-video
69,西西里的美丽传说,8.9,意大利 美国,2000,剧情;战争;情色,910362,美丽无罪。,https://movie.douban.com/subject/1292402/,http%3A%2F%2Fwww.iqiyi.com%2Fv_19rrh1gubo.html%3Fvfm%3Dm_331_dbdy%26fv%3D4904d94982104144a1548dd9040df241&subtype=9&type=online-video
70,看不见的客人,8.8,西班牙,2016,剧情;犯罪;悬疑;惊悚,1162972,你以为你以为的就是你以为的。,https://movie.douban.com/subject/26580232/,http%3A%2F%2Fv.qq.com%2Fx%2Fcover%2F8lvnb7aiio1crpd.html%3Fptag%3Ddouban.movie&subtype=1&type=online-video
71,音乐之声,9.1,美国,1965,剧情;传记;爱情;歌舞,559130,用音乐化解仇恨，让歌声串起美好。,https://movie.douban.com/subject/1294408/,https%3A%2F%2Fm.miguvideo.com%2Fmgs%2Fmsite%2Fprd%2Fdetail.html%3Fcid%3D736016863%26pwId%3Dd01197d3076b4164af82983c408bb996&subtype=15&type=online-video&link2key=ad9e374cff;http%3A%2F%2Fwww.iqiyi.com%2Fv_19rrjxerwg.html%3Fvfm%3Dm_331_dbdy%26fv%3D4904d94982104144a1548dd9040df241&subtype=9&type=online-video;http%3A%2F%2Fv.qq.com%2Fx%2Fcover%2Fnlzswcxr4umy1fr.html%3Fptag%3Ddouban.movie&subtype=1&type=online-video;https%3A%2F%2Fwww.bilibili.com%2Fbangumi%2Fplay%2Fss28658%3Fbsource%3Ddouban&subtype=8&type=online-video&link2key=ad9e374cff;http%3A%2F%2Fvip.1905.com%2Fplay%2F1479266.shtml%3F__hz%3D6e0721b2c6977135%26api_source%3Ddouban_vodadd&subtype=13&type=online-video
72,拯救大兵瑞恩,9.1,美国,1998,剧情;战争,603571,美利坚精神输出大片No1.,https://movie.douban.com/subject/1292849/,https%3A%2F%2Fm.miguvideo.com%2Fmgs%2Fmsite%2Fprd%2Fdetail.html%3Fcid%3D714218823%26pwId%3Dd01197d3076b4164af82983c408bb996&subtype=15&type=online-video&link2key=882f4c8e6a;https%3A%2F%2Fv.youku.com%2Fv_show%2Fid_XMTMzNTQ2Mzc2NA%3D%3D.html%3Fspm%3Da2h0c.8166622.PhoneSokuProgram_1.3%26lang%3D%25E8%258B%25B1%25E8%25AF%25AD%26s%3Dcc016d7a962411de83b1&subtype=3&type=online-video;http%3A%2F%2Fv.qq.com%2Fx%2Fcover%2F8lv03zh9yuhm1a2.html%3Fptag%3Ddouban.movie&subtype=1&type=online-video;http%3A%2F%2Fwww.iqiyi.com%2Fv_19rrnpp9co.html%3Fvfm%3Dm_331_dbdy%26fv%3D4904d94982104144a1548dd9040df241&subtype=9&type=online-video;https%3A%2F%2Fwww.bilibili.com%2Fbangumi%2Fplay%2Fss26727%3Fbsource%3Ddouban&subtype=8&type=online-video&link2key=882f4c8e6a;https%3A%2F%2Fwww.ixigua.com%2Fcinema%2Falbum%2F80o7B6alA6h%3Futm_source%3Ddouban&subtype=17&type=online-video&link2key=882f4c8e6a
73,飞越疯人院,9.1,美国,1975,剧情,517255,自由万岁。,https://movie.douban.com/subject/1292224/,
74,小鞋子,9.2,伊朗,1997,剧情;儿童;家庭,380113,奔跑的孩子是天使。,https://movie.douban.com/subject/1303021/,http%3A%2F%2Fv.qq.com%2Fx%2Fcover%2Fab66o4bl2p67wv7.html%3Fptag%3Ddouban.movie&subtype=1&type=online-video;http%3A%2F%2Fwww.iqiyi.com%2Fv_19rrjraeeo.html%3Fvfm%3Dm_331_dbdy%26fv%3D4904d94982104144a1548dd9040df241&subtype=9&type=online-video
75,阿凡达,8.8,美国,2009,动作;科幻;冒险,1291214,绝对意义上的美轮美奂。,https://movie.douban.com/subject/1652587/,https%3A%2F%2Fm.miguvideo.com%2Fmgs%2Fmsite%2Fprd%2Fdetail.html%3Fcid%3D712481283%26pwId%3Dd01197d3076b4164af82983c408bb996&subtype=15&type=online-video&link2key=561ef84217;http%3A%2F%2Fwww.mgtv.com%2Fb%2F106831%2F1100262.html%3Fcxid%3Dvb4rv4jhk&subtype=7&type=online-video
76,哈利·波特与死亡圣器(下),8.9,美国 英国,2011,奇幻;冒险,760898,10年的完美句点。,https://movie.douban.com/subject/3011235/,http%3A%2F%2Fv.qq.com%2Fx%2Fcover%2Feshodxofa7omesm.html%3Fptag%3Ddouban.movie&subtype=1&type=online-video;http%3A%2F%2Fwww.iqiyi.com%2Fv_19rx4rx4r0.html%3Fvfm%3Dm_331_dbdy%26fv%3D4904d94982104144a1548dd9040df241&subtype=9&type=online-video;https%3A%2F%2Fwww.bilibili.com%2Fbangumi%2Fplay%2Fss28302%3Fbsource%3Ddouban&subtype=8&type=online-video&link2key=bdd5db62e2
77,沉默的羔羊,8.9,美国,1991,剧情;犯罪;惊悚,818699,安东尼·霍普金斯的顶级表演。,https://movie.douban.com/subject/1293544/,http%3A%2F%2Fwww.iqiyi.com%2Fv_19rr4ad9lw.html%3Fvfm%3Dm_331_dbdy%26fv%3D4904d94982104144a1548dd9040df241&subtype=9&type=online-video;https%3A%2F%2Fwww.ixigua.com%2Fcinema%2Falbum%2F81Bp0uVbqjk%3Futm_source%3Ddouban&subtype=17&type=online-video&link2key=0e727e6368;https%3A%2F%2Fwww.bilibili.com%2Fbangumi%2Fplay%2Fss33897%3Fbsource%3Ddouban&subtype=8&type=online-video&link2key=0e727e6368
78,致命魔术,8.9,英国 美国,2006,剧情;悬疑;惊悚,800132,孪生蝙蝠侠大战克隆金刚狼。,https://movie.douban.com/subject/1780330/,http%3A%2F%2Fv.youku.com%2Fv_show%2Fid_XNTE5OTUyNTQ4.html%3Ftpa%3DdW5pb25faWQ9MzAwMDA4XzEwMDAwMl8wMl8wMQ%26refer%3Desfhz_operation.xuka.xj_00003036_000000_FNZfau_19010900&subtype=3&type=online-video;http%3A%2F%2Fv.qq.com%2Fx%2Fcover%2Fyjko7f1b1muwdhe.html%3Fptag%3Ddouban.movie&subtype=1&type=online-video;http%3A%2F%2Fwww.iqiyi.com%2Fv_19rra04xok.html%3Fvfm%3Dm_331_dbdy%26fv%3D4904d94982104144a1548dd9040df241&subtype=9&type=online-video;https%3A%2F%2Fwww.bilibili.com%2Fbangumi%2Fplay%2Fss33130%3Fbsource%3Ddouban&subtype=8&type=online-video&link2key=9b5ae2f68a
79,禁闭岛,8.9,美国,2010,剧情;悬疑;惊悚,900101,昔日翩翩少年，今日大腹便便。,https://movie.douban.com/subject/2334904/,https%3A%2F%2Fm.miguvideo.com%2Fmgs%2Fmsite%2Fprd%2Fdetail.html%3Fcid%3D714534517%26pwId%3Dd01197d3076b4164af82983c408bb996&subtype=15&type=online-video&link2key=d78f4ecd35;http%3A%2F%2Fv.qq.com%2Fx%2Fcover%2Fv6nwjtseqb43ots.html%3Fptag%3Ddouban.movie&subtype=1&type=online-video;http%3A%2F%2Fwww.iqiyi.com%2Fv_19rrk3nll8.html%3Fvfm%3Dm_331_dbdy%26fv%3D4904d94982104144a1548dd9040df241&subtype=9&type=online-video;http%3A%2F%2Fv.youku.com%2Fv_show%2Fid_XMTMzODU5MTA4MA%3D%3D.html%3Ftpa%3DdW5pb25faWQ9MzAwMDA4XzEwMDAwMl8wMl8wMQ%26refer%3Desfhz_operation.xuka.xj_00003036_000000_FNZfau_19010900&subtype=3&type=online-video;https%3A%2F%2Fwww.bilibili.com%2Fbangumi%2Fplay%2Fss26728%3Fbsource%3Ddouban&subtype=8&type=online-video&link2key=d78f4ecd35;https%3A%2F%2Fwww.ixigua.com%2Fcinema%2Falbum%2F80o8rVpuQJo%3Futm_source%3Ddouban&subtype=17&type=online-video&link2key=d78f4ecd35
80,布达佩斯大饭店,8.9,美国 德国 英国,2014,剧情;喜剧;冒险,854530,小清新的故事里注入了大历史的情怀。,https://movie.douban.com/subject/11525673/,http%3A%2F%2Fwww.iqiyi.com%2Fv_19rrhxz45s.html%3Fvfm%3Dm_331_dbdy%26fv%3D4904d94982104144a1548dd9040df241&subtype=9&type=online-video;http%3A%2F%2Fv.qq.com%2Fx%2Fcover%2Ftlvwiitova3d9m1.html%3Fptag%3Ddouban.movie&subtype=1&type=online-video;https%3A%2F%2Fwww.ixigua.com%2Fcinema%2Falbum%2F87JVIMNur44%3Futm_source%3Ddouban&subtype=17&type=online-video&link2key=4ecfb665ee
81,海豚湾,9.3,美国,2009,纪录片,341173,海豚的微笑，是世界上最高明的伪装。,https://movie.douban.com/subject/3442220/,https%3A%2F%2Fm.miguvideo.com%2Fmgs%2Fmsite%2Fprd%2Fdetail.html%3Fcid%3D624310090%26pwId%3Dd01197d3076b4164af82983c408bb996&subtype=15&type=online-video&link2key=6d0d20c08f;http%3A%2F%2Fwww.iqiyi.com%2Fv_19rrk4jq7o.html%3Fvfm%3Dm_331_dbdy%26fv%3D4904d94982104144a1548dd9040df241&subtype=9&type=online-video;http%3A%2F%2Fv.qq.com%2Fx%2Fcover%2F1fl91giyegazfl4.html%3Fptag%3Ddouban.movie&subtype=1&type=online-video
82,蝴蝶效应,8.9,美国 加拿大,2004,剧情;悬疑;科幻;惊悚,872121,人的命运被自己瞬间的抉择改变。,https://movie.douban.com/subject/1292343/,http%3A%2F%2Fv.qq.com%2Fx%2Fcover%2Fporrg8osobrmvs8.html%3Fptag%3Ddouban.movie&subtype=1&type=online-video
83,美国往事,9.2,美国 意大利,1984,犯罪;剧情,385022,往事如烟，无处祭奠。,https://movie.douban.com/subject/1292262/,http%3A%2F%2Fv.qq.com%2Fx%2Fcover%2Fr3rpkp47bmoo9ch.html%3Fptag%3Ddouban.movie&subtype=1&type=online-video
84,心灵捕手,8.9,美国,1997,剧情,659378,人生中应该拥有这样的一段豁然开朗。,https://movie.douban.com/subject/1292656/,http%3A%2F%2Fv.qq.com%2Fx%2Fcover%2Fmhl665xf8ina3t2.html%3Fptag%3Ddouban.movie&subtype=1&type=online-video
85,低俗小说,8.9,美国,1994,剧情;喜剧;犯罪,774821,故事的高级讲法。,https://movie.douban.com/subject/1291832/,http%3A%2F%2Fv.qq.com%2Fx%2Fcover%2Feinghaeb1shgwf2.html%3Fptag%3Ddouban.movie&subtype=1&type=online-video
86,春光乍泄,9.0,中国香港 日本 韩国,1997,剧情;爱情;同性,586459,爱情纠缠，男女一致。,https://movie.douban.com/subject/1292679/,
87,摩登时代,9.3,美国,1936,剧情;喜剧;爱情,276840,大时代中的人生，小人物的悲喜。,https://movie.douban.com/subject/1294371/,https%3A%2F%2Fm.miguvideo.com%2Fmgs%2Fmsite%2Fprd%2Fdetail.html%3Fcid%3D681035911%26pwId%3Dd01197d3076b4164af82983c408bb996&subtype=15&type=online-video&link2key=946e484d1c;http%3A%2F%2Fv.youku.com%2Fv_show%2Fid_XNDc5MjUxNjEy.html%3Ftpa%3DdW5pb25faWQ9MzAwMDA4XzEwMDAwMl8wMl8wMQ%26refer%3Desfhz_operation.xuka.xj_00003036_000000_FNZfau_19010900&subtype=3&type=online-video;http%3A%2F%2Fwww.iqiyi.com%2Fv_19rrj6sjrw.html%3Fvfm%3Dm_331_dbdy%26fv%3D4904d94982104144a1548dd9040df241&subtype=9&type=online-video;http%3A%2F%2Fv.qq.com%2Fx%2Fcover%2F9w35g1rr7w3smmr.html%3Fptag%3Ddouban.movie&subtype=1&type=online-video;https%3A%2F%2Fwww.bilibili.com%2Fbangumi%2Fplay%2Fss26258%3Fbsource%3Ddouban&subtype=8&type=online-video&link2key=946e484d1c;https%3A%2F%2Fwww.1905.com%2Fvod%2Fplay%2F1391234.shtml%3F__hz%3D6e0721b2c6977135%26api_source%3Ddouban_vodadd&subtype=13&type=online-video&link2key=946e484d1c
88,喜剧之王,8.8,中国香港,1999,喜剧;剧情;爱情,898676,我是一个演员。,https://movie.douban.com/subject/1302425/,
89,七宗罪,8.8,美国,1995,剧情;犯罪;悬疑;惊悚,888632,警察抓小偷，老鼠玩死猫。,https://movie.douban.com/subject/1292223/,http%3A%2F%2Fv.qq.com%2Fx%2Fcover%2Fzg7bhyyc1ffeha0.html%3Fptag%3Ddouban.movie&subtype=1&type=online-video
90,功夫,8.8,中国大陆 中国香港,2004,动作;喜剧;犯罪;奇幻,1014739,警恶惩奸，维护世界和平这个任务就交给你了，好吗？,https://movie.douban.com/subject/1291543/,https%3A%2F%2Fv.youku.com%2Fv_show%2Fid_XMTQwNzMzMTc1Mg%3D%3D.html%3Fspm%3Da2h0c.8166622.PhoneSokuProgram_1.3%26lang%3D%25E6%2599%25AE%25E9%2580%259A%25E8%25AF%259D%26s%3Dcc04434c962411de83b1&subtype=3&type=online-video;http%3A%2F%2Fwww.iqiyi.com%2Fv_19rrk40ajc.html%3Fvfm%3Dm_331_dbdy%26fv%3D4904d94982104144a1548dd9040df241&subtype=9&type=online-video;http%3A%2F%2Fv.qq.com%2Fx%2Fcover%2Fuiq0rxuywu508qr.html%3Fptag%3Ddouban.movie&subtype=1&type=online-video;http%3A%2F%2Fvip.1905.com%2Fplay%2F1411307.shtml%3F__hz%3D6e0721b2c6977135%26api_source%3Ddouban_vodadd&subtype=13&type=online-video;https%3A%2F%2Fwww.bilibili.com%2Fbangumi%2Fplay%2Fss32523%3Fbsource%3Ddouban&subtype=8&type=online-video&link2key=8d176cec18
91,哈利·波特与阿兹卡班的囚徒,8.9,英国 美国,2004,奇幻;冒险,651340,不一样的导演，不一样的哈利·波特。,https://movie.douban.com/subject/1291544/,https%3A%2F%2Fm.miguvideo.com%2Fmgs%2Fmsite%2Fprd%2Fdetail.html%3Fcid%3D651582315%26pwId%3Dd01197d3076b4164af82983c408bb996&subtype=15&type=online-video&link2key=d18ef270cd;http%3A%2F%2Fwww.iqiyi.com%2Fv_19rrjbevto.html%3Fvfm%3Dm_331_dbdy%26fv%3D4904d94982104144a1548dd9040df241&subtype=9&type=online-video;http%3A%2F%2Fv.qq.com%2Fx%2Fcover%2F3k0pikhlunqinuv.html%3Fptag%3Ddouban.movie&subtype=1&type=online-video;http%3A%2F%2Fv.youku.com%2Fv_show%2Fid_XMjc0Mjg1ODc2.html%3Ftpa%3DdW5pb25faWQ9MzAwMDA4XzEwMDAwMl8wMl8wMQ%26refer%3Desfhz_operation.xuka.xj_00003036_000000_FNZfau_19010900&subtype=3&type=online-video;https%3A%2F%2Fwww.bilibili.com%2Fbangumi%2Fplay%2Fss28297%3Fbsource%3Ddouban&subtype=8&type=online-video&link2key=d18ef270cd
92,致命ID,8.8,美国,2003,剧情;悬疑;惊悚,758141,最不可能的那个人永远是最可能的。,https://movie.douban.com/subject/1297192/,http%3A%2F%2Fwww.iqiyi.com%2Fv_19rrk30rh0.html%3Fvfm%3Dm_331_dbdy%26fv%3D4904d94982104144a1548dd9040df241&subtype=9&type=online-video
93,超脱,9.0,美国,2011,剧情,522493,穷尽一生，我们要学会的，不过是彼此拥抱。,https://movie.douban.com/subject/5322596/,http%3A%2F%2Fv.qq.com%2Fx%2Fcover%2F70zllnaq7qcxtj0.html%3Fptag%3Ddouban.movie&subtype=1&type=online-video;http%3A%2F%2Fwww.iqiyi.com%2Fv_19rrjy9aic.html%3Fvfm%3Dm_331_dbdy%26fv%3D4904d94982104144a1548dd9040df241&subtype=9&type=online-video;https%3A%2F%2Fwww.ixigua.com%2Fcinema%2Falbum%2F7ZiB5nyW3IA%3Futm_source%3Ddouban&subtype=17&type=online-video&link2key=3bc0e8803c;https%3A%2F%2Fwww.bilibili.com%2Fbangumi%2Fplay%2Fss12579%3Fbsource%3Ddouban&subtype=8&type=online-video&link2key=3bc0e8803c
94,杀人回忆,8.9,韩国,2003,剧情;动作;犯罪;悬疑;惊悚,651156,关于连环杀人悬案的集体回忆。,https://movie.douban.com/subject/1300299/,
95,加勒比海盗,8.8,美国,2003,动作;冒险;奇幻,802763,约翰尼·德普的独角戏。,https://movie.douban.com/subject/1298070/,https%3A%2F%2Fm.miguvideo.com%2Fmgs%2Fmsite%2Fprd%2Fdetail.html%3Fcid%3D701144148%26pwId%3Dd01197d3076b4164af82983c408bb996&subtype=15&type=online-video&link2key=5405c5a6b4;http%3A%2F%2Fwww.iqiyi.com%2Fv_19rrjcf6xw.html%3Fvfm%3Dm_331_dbdy%26fv%3D4904d94982104144a1548dd9040df241&subtype=9&type=online-video;http%3A%2F%2Fwww.mgtv.com%2Fb%2F109409%2F1129490.html%3Fcxid%3Dvb4rv4jhk&subtype=7&type=online-video;http%3A%2F%2Fv.qq.com%2Fx%2Fcover%2F6bxb2yc7mskrdoz.html%3Fptag%3Ddouban.movie&subtype=1&type=online-video;http%3A%2F%2Fv.youku.com%2Fv_show%2Fid_XNjI0Nzg1NDg4.html%3Ftpa%3DdW5pb25faWQ9MzAwMDA4XzEwMDAwMl8wMl8wMQ%26refer%3Desfhz_operation.xuka.xj_00003036_000000_FNZfau_19010900&subtype=3&type=online-video;https%3A%2F%2Fwww.ixigua.com%2Fcinema%2Falbum%2F84YjJWyhY8c%3Futm_source%3Ddouban&subtype=17&type=online-video&link2key=5405c5a6b4
96,红辣椒,9.1,日本,2006,动画;悬疑;科幻;惊悚,418317,梦的勾结。,https://movie.douban.com/subject/1865703/,
97,被嫌弃的松子的一生,8.9,日本,2006,剧情;歌舞,664543,以戏谑来戏谑戏谑。,https://movie.douban.com/subject/1787291/,http%3A%2F%2Fv.qq.com%2Fx%2Fcover%2F2xxvt9eg1d231wv.html%3Fptag%3Ddouban.movie&subtype=1&type=online-video
98,狩猎,9.1,丹麦 瑞典,2012,剧情,357518,人言可畏。,https://movie.douban.com/subject/6985810/,
99,请以你的名字呼唤我,8.9,意大利 法国 巴西 美国,2017,剧情;爱情;同性,665228,沉醉在电影的情感和视听氛围中无法自拔。,https://movie.douban.com/subject/26799731/,
100,7号房的礼物,8.9,韩国,2013,剧情;喜剧;家庭,514813,《我是山姆》的《美丽人生》。,https://movie.douban.com/subject/10777687/,
101,剪刀手爱德华,8.7,美国,1990,剧情;奇幻;爱情,983626,浪漫忧郁的成人童话。,https://movie.douban.com/subject/1292370/,https%3A%2F%2Fm.miguvideo.com%2Fmgs%2Fmsite%2Fprd%2Fdetail.html%3Fcid%3D651825285%26pwId%3Dd01197d3076b4164af82983c408bb996&subtype=15&type=online-video&link2key=4aa85f458e;http%3A%2F%2Fwww.iqiyi.com%2Fv_19rrk1k0is.html%3Fvfm%3Dm_331_dbdy%26fv%3D4904d94982104144a1548dd9040df241&subtype=9&type=online-video;http%3A%2F%2Fv.qq.com%2Fx%2Fcover%2Fstnv37gf9fye063.html%3Fptag%3Ddouban.movie&subtype=1&type=online-video
102,断背山,8.8,美国 加拿大,2005,剧情;爱情;同性;家庭,667209,每个人心中都有一座断背山。,https://movie.douban.com/subject/1418834/,
103,勇敢的心,8.9,美国,1995,动作;传记;剧情;历史;战争,533483,史诗大片的典范。,https://movie.douban.com/subject/1294639/,http%3A%2F%2Fwww.iqiyi.com%2Fv_19rrk1ymus.html%3Fvfm%3Dm_331_dbdy%26fv%3D4904d94982104144a1548dd9040df241&subtype=9&type=online-video;http%3A%2F%2Fv.qq.com%2Fx%2Fcover%2F90hxh48sphptr0j.html%3Fptag%3Ddouban.movie&subtype=1&type=online-video
104,唐伯虎点秋香,8.7,中国香港,1993,喜剧;爱情;古装,995792,华太师是黄霑，吴镇宇四大才子之一。,https://movie.douban.com/subject/1306249/,https%3A%2F%2Fm.miguvideo.com%2Fmgs%2Fmsite%2Fprd%2Fdetail.html%3Fcid%3D676777252%26pwId%3Dd01197d3076b4164af82983c408bb996&subtype=15&type=online-video&link2key=bd5edebfbf;http%3A%2F%2Fv.qq.com%2Fx%2Fcover%2Fe3pdjwjjbbcmsow.html%3Fptag%3Ddouban.movie&subtype=1&type=online-video;http%3A%2F%2Fwww.iqiyi.com%2Fv_19rrlunup8.html%3Fvfm%3Dm_331_dbdy%26fv%3D4904d94982104144a1548dd9040df241&subtype=9&type=online-video;http%3A%2F%2Fv.youku.com%2Fv_show%2Fid_XMzQ3OTU4NjA3Ng%3D%3D.html%3Ftpa%3DdW5pb25faWQ9MzAwMDA4XzEwMDAwMl8wMl8wMQ%26refer%3Desfhz_operation.xuka.xj_00003036_000000_FNZfau_19010900&subtype=3&type=online-video;http%3A%2F%2Fvip.1905.com%2Fplay%2F677810.shtml%3F__hz%3D6e0721b2c6977135%26api_source%3Ddouban_vodadd&subtype=13&type=online-video
105,哈利·波特与密室,8.8,英国 美国,2002,奇幻;冒险,677450,魔法的密室之门已打开...,https://movie.douban.com/subject/1296996/,https%3A%2F%2Fm.miguvideo.com%2Fmgs%2Fmsite%2Fprd%2Fdetail.html%3Fcid%3D651583956%26pwId%3Dd01197d3076b4164af82983c408bb996&subtype=15&type=online-video&link2key=e2412a928b;http%3A%2F%2Fwww.iqiyi.com%2Fv_19rrifgpcx.html%3Fvfm%3Dm_331_dbdy%26fv%3D4904d94982104144a1548dd9040df241&subtype=9&type=online-video;http%3A%2F%2Fv.qq.com%2Fx%2Fcover%2Fwe0v1e4gwbyz0et.html%3Fptag%3Ddouban.movie&subtype=1&type=online-video;https%3A%2F%2Fwww.bilibili.com%2Fbangumi%2Fplay%2Fss28296%3Fbsource%3Ddouban&subtype=8&type=online-video&link2key=e2412a928b
106,一一,9.1,中国台湾 日本,2000,剧情;爱情;家庭,350009,我们都曾经是一一。,https://movie.douban.com/subject/1292434/,
107,入殓师,8.9,日本,2008,剧情,620099,死可能是一道门，逝去并不是终结，而是超越，走向下一程。,https://movie.douban.com/subject/2149806/,https%3A%2F%2Fwww.bilibili.com%2Fbangumi%2Fplay%2Fss41342%3Fbsource%3Ddouban&subtype=8&type=online-video&link2key=60744f65a2
108,第六感,8.9,美国,1999,剧情;悬疑;惊悚,517316,深入内心的恐怖，出人意料的结局。,https://movie.douban.com/subject/1297630/,https%3A%2F%2Fm.miguvideo.com%2Fmgs%2Fmsite%2Fprd%2Fdetail.html%3Fcid%3D720941864%26pwId%3Dd01197d3076b4164af82983c408bb996&subtype=15&type=online-video&link2key=5770585945;http%3A%2F%2Fwww.iqiyi.com%2Fv_19rrjbsozo.html%3Fvfm%3Dm_331_dbdy%26fv%3D4904d94982104144a1548dd9040df241&subtype=9&type=online-video;http%3A%2F%2Fv.qq.com%2Fx%2Fcover%2Fr59i2am7z2pg81w.html%3Fptag%3Ddouban.movie&subtype=1&type=online-video;http%3A%2F%2Fv.youku.com%2Fv_show%2Fid_XNjI3MzgwNDM2.html%3Ftpa%3DdW5pb25faWQ9MzAwMDA4XzEwMDAwMl8wMl8wMQ%26refer%3Desfhz_operation.xuka.xj_00003036_000000_FNZfau_19010900&subtype=3&type=online-video
109,爱在黎明破晓前,8.8,美国 奥地利 瑞士,1995,剧情;爱情,619252,缘分是个连绵词，最美不过一瞬。,https://movie.douban.com/subject/1296339/,http%3A%2F%2Fv.youku.com%2Fv_show%2Fid_XNTkyNDgzNTM2.html%3Ftpa%3DdW5pb25faWQ9MzAwMDA4XzEwMDAwMl8wMl8wMQ%26refer%3Desfhz_operation.xuka.xj_00003036_000000_FNZfau_19010900&subtype=3&type=online-video;http%3A%2F%2Fv.qq.com%2Fx%2Fcover%2F7ci0ax0zwtztdot.html%3Fptag%3Ddouban.movie&subtype=1&type=online-video;https%3A%2F%2Fwww.bilibili.com%2Fbangumi%2Fplay%2Fss32312%3Fbsource%3Ddouban&subtype=8&type=online-video&link2key=8ca199b7ff
110,重庆森林,8.8,中国香港,1994,剧情;爱情,750106,寂寞没有期限。,https://movie.douban.com/subject/1291999/,
111,蝙蝠侠：黑暗骑士崛起,8.8,美国 英国,2012,剧情;动作;科幻;犯罪;惊悚,672010,诺兰就是保证。,https://movie.douban.com/subject/3395373/,http%3A%2F%2Fv.qq.com%2Fx%2Fcover%2F1b117d3s47s9rwx.html%3Fptag%3Ddouban.movie&subtype=1&type=online-video;http%3A%2F%2Fwww.iqiyi.com%2Fv_19rra0ffm8.html%3Fvfm%3Dm_331_dbdy%26fv%3D4904d94982104144a1548dd9040df241&subtype=9&type=online-video;https%3A%2F%2Fwww.bilibili.com%2Fbangumi%2Fplay%2Fss28318%3Fbsource%3Ddouban&subtype=8&type=online-video&link2key=8fcdbf1d51
112,天使爱美丽,8.7,法国 德国,2001,剧情;喜剧;爱情,917747,法式小清新。 ,https://movie.douban.com/subject/1292215/,http%3A%2F%2Fv.qq.com%2Fx%2Fcover%2Fo9ltjk5yc26z6w9.html%3Fptag%3Ddouban.movie&subtype=1&type=online-video;https%3A%2F%2Fv.youku.com%2Fv_show%2Fid_XODQ5OTc4Mjc2.html&subtype=3&type=online-video
113,幽灵公主,8.9,日本,1997,动画;奇幻;冒险,489798,人与自然的战争史诗。,https://movie.douban.com/subject/1297359/,
114,菊次郎的夏天,8.9,日本,1999,剧情;喜剧,551822,从没见过那么流氓的温柔，从没见过那么温柔的流氓。,https://movie.douban.com/subject/1293359/,http%3A%2F%2Fv.qq.com%2Fx%2Fcover%2Fbdbcer5v3qcjioz.html%3Fptag%3Ddouban.movie&subtype=1&type=online-video;http%3A%2F%2Fwww.iqiyi.com%2Fv_19rrn8d6vc.html%3Fvfm%3Dm_331_dbdy%26fv%3D4904d94982104144a1548dd9040df241&subtype=9&type=online-video;https%3A%2F%2Fwww.ixigua.com%2Fcinema%2Falbum%2F7OK9biV2mOg%3Futm_source%3Ddouban&subtype=17&type=online-video&link2key=1fa5d17a92;https%3A%2F%2Fwww.bilibili.com%2Fbangumi%2Fplay%2Fss11978%3Fbsource%3Ddouban&subtype=8&type=online-video&link2key=1fa5d17a92
115,小森林,9.0,日本,2014,剧情,397504,那些静得只能听见呼吸的日子里，你明白孤独即生活。,https://movie.douban.com/subject/25814705/,http%3A%2F%2Fv.qq.com%2Fx%2Fcover%2Fyz98ta4nfjtaa6q.html%3Fptag%3Ddouban.movie&subtype=1&type=online-video
116,阳光灿烂的日子,8.9,中国大陆 中国香港,1994,剧情;爱情,574462,一场华丽的意淫。,https://movie.douban.com/subject/1291875/,
117,超能陆战队,8.7,美国,2014,喜剧;动作;科幻;动画;冒险,941291,Balalala~~~,https://movie.douban.com/subject/11026735/,http%3A%2F%2Fwww.mgtv.com%2Fb%2F331947%2F6456413.html%3Fcxid%3Dvb4rv4jhk&subtype=7&type=online-video;http%3A%2F%2Fv.qq.com%2Fx%2Fcover%2Fhjdb95f8lxcyyew.html%3Fptag%3Ddouban.movie&subtype=1&type=online-video;http%3A%2F%2Fwww.iqiyi.com%2Fv_19rrntpmhg.html%3Fvfm%3Dm_331_dbdy%26fv%3D4904d94982104144a1548dd9040df241&subtype=9&type=online-video;http%3A%2F%2Fv.youku.com%2Fv_show%2Fid_XOTQxNTA1MTgw.html%3Ftpa%3DdW5pb25faWQ9MzAwMDA4XzEwMDAwMl8wMl8wMQ%26refer%3Desfhz_operation.xuka.xj_00003036_000000_FNZfau_19010900&subtype=3&type=online-video;https%3A%2F%2Fwww.ixigua.com%2Fcinema%2Falbum%2F84YkSCfyWaq%3Futm_source%3Ddouban&subtype=17&type=online-video&link2key=a1b851f43c
118,完美的世界,9.1,美国,1993,剧情;犯罪,288381,坏人的好总是比好人的好来得更感人。,https://movie.douban.com/subject/1300992/,http%3A%2F%2Fv.qq.com%2Fx%2Fcover%2F68m6s2drn3o4bjz.html%3Fptag%3Ddouban.movie&subtype=1&type=online-video;http%3A%2F%2Fwww.iqiyi.com%2Fv_19rrg3oa5o.html%3Fvfm%3Dm_331_dbdy%26fv%3D4904d94982104144a1548dd9040df241&subtype=9&type=online-video;http%3A%2F%2Fv.youku.com%2Fv_show%2Fid_XNTkyNDY5Mzg4.html%3Ftpa%3DdW5pb25faWQ9MzAwMDA4XzEwMDAwMl8wMl8wMQ%26refer%3Desfhz_operation.xuka.xj_00003036_000000_FNZfau_19010900&subtype=3&type=online-video;https%3A%2F%2Fwww.bilibili.com%2Fbangumi%2Fplay%2Fss32424%3Fbsource%3Ddouban&subtype=8&type=online-video&link2key=da45973ff0
119,爱在日落黄昏时,8.9,美国 法国,2004,剧情;爱情,509982,九年后的重逢是世俗和责任的交叠，没了悸动和青涩，沧桑而温暖。,https://movie.douban.com/subject/1291990/,http%3A%2F%2Fwww.iqiyi.com%2Fv_19rrjba7jk.html%3Fvfm%3Dm_331_dbdy%26fv%3D4904d94982104144a1548dd9040df241&subtype=9&type=online-video;http%3A%2F%2Fv.qq.com%2Fx%2Fcover%2F9q1fcwkoeem19d5.html%3Fptag%3Ddouban.movie&subtype=1&type=online-video
120,无人知晓,9.1,日本,2004,剧情,292949,我的平常生活就是他人的幸福。,https://movie.douban.com/subject/1292337/,https%3A%2F%2Fv.youku.com%2Fv_show%2Fid_XODQ5OTg1ODMy.html&subtype=3&type=online-video;http%3A%2F%2Fv.qq.com%2Fx%2Fcover%2Fztrkpnw1mdnc220.html%3Fptag%3Ddouban.movie&subtype=1&type=online-video
121,消失的爱人,8.7,美国,2014,剧情;犯罪;悬疑;惊悚,863468,年度最佳date movie。,https://movie.douban.com/subject/21318488/,http%3A%2F%2Fwww.iqiyi.com%2Fv_19rro18qig.html%3Fvfm%3Dm_331_dbdy%26fv%3D4904d94982104144a1548dd9040df241&subtype=9&type=online-video;http%3A%2F%2Fv.qq.com%2Fx%2Fcover%2Fadm0sa2o83jta0u.html%3Fptag%3Ddouban.movie&subtype=1&type=online-video;https%3A%2F%2Fwww.bilibili.com%2Fbangumi%2Fplay%2Fss39265%3Fbsource%3Ddouban&subtype=8&type=online-video&link2key=723a962db9
122,借东西的小人阿莉埃蒂,8.9,日本,2010,动画;奇幻;冒险,511755,曾经的那段美好会沉淀为一辈子的记忆。,https://movie.douban.com/subject/4202302/,
123,甜蜜蜜,8.9,中国香港,1996,剧情;爱情,491350,相逢只要一瞬间，等待却像是一辈子。,https://movie.douban.com/subject/1305164/,http%3A%2F%2Fv.qq.com%2Fx%2Fcover%2Frur37shpkgmze3o.html%3Fptag%3Ddouban.movie&subtype=1&type=online-video;http%3A%2F%2Fwww.iqiyi.com%2Fv_pr1emqqqzw.html%3Fvfm%3Dm_331_dbdy%26fv%3D4904d94982104144a1548dd9040df241&subtype=9&type=online-video
124,倩女幽魂,8.8,中国香港,1987,爱情;奇幻;武侠;古装,683284,两张绝世的脸。 ,https://movie.douban.com/subject/1297447/,http%3A%2F%2Fv.qq.com%2Fx%2Fcover%2Fifkyvtji4a4a5hl.html%3Fptag%3Ddouban.movie&subtype=1&type=online-video;http%3A%2F%2Fwww.iqiyi.com%2Fv_19rrk60uus.html%3Fvfm%3Dm_331_dbdy%26fv%3D4904d94982104144a1548dd9040df241&subtype=9&type=online-video
125,小森林,9.0,日本,2015,剧情,354572,尊敬他人，尊敬你生活的这片土地，明白孤独是人生的常态。,https://movie.douban.com/subject/25814707/,http%3A%2F%2Fv.qq.com%2Fx%2Fcover%2F1o7ou00t80apgko.html%3Fptag%3Ddouban.movie&subtype=1&type=online-video
126,侧耳倾听,8.9,日本,1995,剧情;爱情;动画,429492,少女情怀总是诗。,https://movie.douban.com/subject/1297052/,
127,时空恋旅人,8.8,英国,2013,喜剧;爱情;奇幻,605170,把每天当作最后一天般珍惜度过，积极拥抱生活，就是幸福。,https://movie.douban.com/subject/10577869/,https%3A%2F%2Fm.miguvideo.com%2Fmgs%2Fmsite%2Fprd%2Fdetail.html%3Fcid%3D701317731%26pwId%3Dd01197d3076b4164af82983c408bb996&subtype=15&type=online-video&link2key=edcdd5e092;http%3A%2F%2Fv.qq.com%2Fx%2Fcover%2Fg6nvv8jt1y04hu6.html%3Fptag%3Ddouban.movie&subtype=1&type=online-video;https%3A%2F%2Fwww.ixigua.com%2Fcinema%2Falbum%2F80cP1bph6Y5%3Futm_source%3Ddouban&subtype=17&type=online-video&link2key=edcdd5e092
128,幸福终点站,8.8,美国,2004,喜剧;剧情;爱情,524508,有时候幸福需要等一等。 ,https://movie.douban.com/subject/1292274/,http%3A%2F%2Fv.youku.com%2Fv_show%2Fid_XMTMyMTQyNzkzNg%3D%3D.html%3Ftpa%3DdW5pb25faWQ9MzAwMDA4XzEwMDAwMl8wMl8wMQ%26refer%3Desfhz_operation.xuka.xj_00003036_000000_FNZfau_19010900&subtype=3&type=online-video;http%3A%2F%2Fv.qq.com%2Fx%2Fcover%2F0sem4gd0wu1eekz.html%3Fptag%3Ddouban.movie&subtype=1&type=online-video;http%3A%2F%2Fwww.iqiyi.com%2Fv_19rrnpst1s.html%3Fvfm%3Dm_331_dbdy%26fv%3D4904d94982104144a1548dd9040df241&subtype=9&type=online-video;https%3A%2F%2Fwww.ixigua.com%2Fcinema%2Falbum%2F80o9QwBxKr3%3Futm_source%3Ddouban&subtype=17&type=online-video&link2key=2b6f5ad2d7;https%3A%2F%2Fwww.bilibili.com%2Fbangumi%2Fplay%2Fss26784%3Fbsource%3Ddouban&subtype=8&type=online-video&link2key=2b6f5ad2d7
129,驯龙高手,8.8,美国,2010,动画;奇幻;冒险,705880,和谐的生活离不开摸头与被摸头。,https://movie.douban.com/subject/2353023/,http%3A%2F%2Fv.qq.com%2Fx%2Fcover%2F3imeqzq7nzw130g.html%3Fptag%3Ddouban.movie&subtype=1&type=online-video;http%3A%2F%2Fwww.iqiyi.com%2Fv_19rrmugvis.html%3Fvfm%3Dm_331_dbdy%26fv%3D4904d94982104144a1548dd9040df241&subtype=9&type=online-video;https%3A%2F%2Fv.youku.com%2Fv_show%2Fid_XMTMyMzkyMDE0MA%3D%3D.html&subtype=3&type=online-video
130,萤火之森,8.9,日本,2011,剧情;爱情;动画;奇幻,492752,触不到的恋人。,https://movie.douban.com/subject/5989818/,http%3A%2F%2Fv.qq.com%2Fx%2Fpage%2Fd003434mept.html%3Fptag%3Ddouban.cartoon&subtype=1&type=online-video;http%3A%2F%2Fwww.iqiyi.com%2Fv_19rrk7o740.html%3Fvfm%3Dm_331_dbdy%26fv%3D4904d94982104144a1548dd9040df241&subtype=9&type=online-video;http%3A%2F%2Fv.youku.com%2Fv_show%2Fid_XNDk5Nzk3NDQ4.html%3Ftpa%3DdW5pb25faWQ9MzAwMDA4XzEwMDAwMl8wMl8wMQ%26refer%3Desfhz_operation.xuka.xj_00003036_000000_FNZfau_19010900&subtype=3&type=online-video;https%3A%2F%2Fwww.bilibili.com%2Fbangumi%2Fplay%2Fep269127%3Fbsource%3Ddouban&subtype=8&type=online-video&link2key=c8c91d90d2
131,教父3,9.0,美国,1990,剧情;犯罪,342022,任何信念的力量，都无法改变命运。,https://movie.douban.com/subject/1294240/,https%3A%2F%2Fm.miguvideo.com%2Fmgs%2Fmsite%2Fprd%2Fdetail.html%3Fcid%3D714206279%26pwId%3Dd01197d3076b4164af82983c408bb996&subtype=15&type=online-video&link2key=ff6e5f30b0;http%3A%2F%2Fv.qq.com%2Fx%2Fcover%2Fblfbj7c9g9zzts9.html%3Fptag%3Ddouban.movie&subtype=1&type=online-video;http%3A%2F%2Fv.youku.com%2Fv_show%2Fid_XMTMyMzk1MTY4MA%3D%3D.html%3Ftpa%3DdW5pb25faWQ9MzAwMDA4XzEwMDAwMl8wMl8wMQ%26refer%3Desfhz_operation.xuka.xj_00003036_000000_FNZfau_19010900&subtype=3&type=online-video;http%3A%2F%2Fwww.iqiyi.com%2Fv_19rrk408h8.html%3Fvfm%3Dm_331_dbdy%26fv%3D4904d94982104144a1548dd9040df241&subtype=9&type=online-video;https%3A%2F%2Fwww.bilibili.com%2Fbangumi%2Fplay%2Fss26428%3Fbsource%3Ddouban&subtype=8&type=online-video&link2key=ff6e5f30b0
132,怪兽电力公司,8.8,美国,2001,儿童;喜剧;动画;奇幻;冒险,618534,不要给它起名字，起了名字就有感情了。,https://movie.douban.com/subject/1291579/,http%3A%2F%2Fv.qq.com%2Fx%2Fcover%2Fuehcx261b1aqs3t.html%3Fptag%3Ddouban.movie&subtype=1&type=online-video;http%3A%2F%2Fv.youku.com%2Fv_show%2Fid_XMTQxOTc2NzgyMA%3D%3D.html%3Ftpa%3DdW5pb25faWQ9MzAwMDA4XzEwMDAwMl8wMl8wMQ%26refer%3Desfhz_operation.xuka.xj_00003036_000000_FNZfau_19010900&subtype=3&type=online-video;http%3A%2F%2Fwww.iqiyi.com%2Fv_19rrhrzbdo.html%3Fvfm%3Dm_331_dbdy%26fv%3D4904d94982104144a1548dd9040df241&subtype=9&type=online-video
133,玛丽和马克思,8.9,澳大利亚 美国,2009,剧情;喜剧;动画,402470,你是我最好的朋友，你是我唯一的朋友 。,https://movie.douban.com/subject/3072124/,https%3A%2F%2Fm.miguvideo.com%2Fmgs%2Fmsite%2Fprd%2Fdetail.html%3Fcid%3D624315002%26pwId%3Dd01197d3076b4164af82983c408bb996&subtype=15&type=online-video&link2key=bef5f08c94;http%3A%2F%2Fv.qq.com%2Fx%2Fcover%2Fb49nto261rv2a14.html%3Fptag%3Ddouban.movie&subtype=1&type=online-video;https%3A%2F%2Fwww.ixigua.com%2Fcinema%2Falbum%2F89LGec2V36M%3Futm_source%3Ddouban&subtype=17&type=online-video&link2key=bef5f08c94
134,一个叫欧维的男人决定去死,8.9,瑞典,2015,剧情,426032,惠及一生的美丽。,https://movie.douban.com/subject/26628357/,http%3A%2F%2Fv.youku.com%2Fv_show%2Fid_XMjUyNjM5ODg2NA%3D%3D.html%3Ftpa%3DdW5pb25faWQ9MzAwMDA4XzEwMDAwMl8wMl8wMQ%26refer%3Desfhz_operation.xuka.xj_00003036_000000_FNZfau_19010900&subtype=3&type=online-video
135,寄生虫,8.8,韩国,2019,剧情,1277319,,https://movie.douban.com/subject/27010768/,
136,玩具总动员3,8.9,美国,2010,喜剧;动画;奇幻;冒险,475564,跨度十五年的欢乐与泪水。,https://movie.douban.com/subject/1858711/,https%3A%2F%2Fm.miguvideo.com%2Fmgs%2Fmsite%2Fprd%2Fdetail.html%3Fcid%3D706365898%26pwId%3Dd01197d3076b4164af82983c408bb996&subtype=15&type=online-video&link2key=1cc258f744;http%3A%2F%2Fv.qq.com%2Fx%2Fcover%2Fcezngt65nqkg580.html%3Fptag%3Ddouban.movie&subtype=1&type=online-video;http%3A%2F%2Fv.youku.com%2Fv_show%2Fid_XMTQxOTgwNDc0MA%3D%3D.html%3Ftpa%3DdW5pb25faWQ9MzAwMDA4XzEwMDAwMl8wMl8wMQ%26refer%3Desfhz_operation.xuka.xj_00003036_000000_FNZfau_19010900&subtype=3&type=online-video;http%3A%2F%2Fwww.iqiyi.com%2Fv_19rrjq686g.html%3Fvfm%3Dm_331_dbdy%26fv%3D4904d94982104144a1548dd9040df241&subtype=9&type=online-video;https%3A%2F%2Fwww.ixigua.com%2Fcinema%2Falbum%2F84YhVJr1R5N%3Futm_source%3Ddouban&subtype=17&type=online-video&link2key=1cc258f744
137,傲慢与偏见,8.7,法国 英国 美国,2005,剧情;爱情,735335,爱是摈弃傲慢与偏见之后的曙光。,https://movie.douban.com/subject/1418200/,https%3A%2F%2Fm.miguvideo.com%2Fmgs%2Fmsite%2Fprd%2Fdetail.html%3Fcid%3D624315635%26pwId%3Dd01197d3076b4164af82983c408bb996&subtype=15&type=online-video&link2key=a98ce4b201;http%3A%2F%2Fv.youku.com%2Fv_show%2Fid_XNTgwMzIxNDQw.html%3Ftpa%3DdW5pb25faWQ9MzAwMDA4XzEwMDAwMl8wMl8wMQ%26refer%3Desfhz_operation.xuka.xj_00003036_000000_FNZfau_19010900&subtype=3&type=online-video;http%3A%2F%2Fwww.iqiyi.com%2Fv_19rrhxxnck.html%3Fvfm%3Dm_331_dbdy%26fv%3D4904d94982104144a1548dd9040df241&subtype=9&type=online-video;http%3A%2F%2Fv.qq.com%2Fx%2Fcover%2Fdchep5ox42l26i9.html%3Fptag%3Ddouban.movie&subtype=1&type=online-video;https%3A%2F%2Fwww.ixigua.com%2Fcinema%2Falbum%2F80eaAQxV6BU%3Futm_source%3Ddouban&subtype=17&type=online-video&link2key=a98ce4b201
138,未麻的部屋,9.1,日本,1997,动画;奇幻;惊悚,296045,好的剧本是，就算你猜到了结局也猜不到全部。,https://movie.douban.com/subject/1395091/,
139,大鱼,8.8,美国,2003,剧情;家庭;奇幻;冒险,534172,抱着梦想而活着的人是幸福的，怀抱梦想而死去的人是不朽的。,https://movie.douban.com/subject/1291545/,http%3A%2F%2Fwww.iqiyi.com%2Fv_19rrk2zt34.html%3Fvfm%3Dm_331_dbdy%26fv%3D4904d94982104144a1548dd9040df241&subtype=9&type=online-video;https%3A%2F%2Fv.youku.com%2Fv_show%2Fid_XNDM4NjAxMDQw.html%3Fspm%3Da2h0c.8166622.PhoneSokuProgram_1.3%26s%3Dcc00e7a6962411de83b1&subtype=3&type=online-video;http%3A%2F%2Fv.qq.com%2Fx%2Fcover%2Fmbtiy3litj9olls.html%3Fptag%3Ddouban.movie&subtype=1&type=online-video;http%3A%2F%2Fvip.1905.com%2Fplay%2F1276316.shtml%3F__hz%3D6e0721b2c6977135%26api_source%3Ddouban_vodadd&subtype=13&type=online-video;https%3A%2F%2Fwww.bilibili.com%2Fbangumi%2Fplay%2Fss33372%3Fbsource%3Ddouban&subtype=8&type=online-video&link2key=68de3819b5
140,神偷奶爸,8.6,美国 法国,2010,喜剧;动画;冒险,889019,Mr. I Don't Care其实也有Care的时候。,https://movie.douban.com/subject/3287562/,http%3A%2F%2Fv.youku.com%2Fv_show%2Fid_XNTc3OTAzNDc2.html%3Ftpa%3DdW5pb25faWQ9MzAwMDA4XzEwMDAwMl8wMl8wMQ%26refer%3Desfhz_operation.xuka.xj_00003036_000000_FNZfau_19010900&subtype=3&type=online-video;http%3A%2F%2Fv.qq.com%2Fx%2Fcover%2Foylsefopm3zevpj.html%3Fptag%3Ddouban.movie&subtype=1&type=online-video;http%3A%2F%2Fwww.iqiyi.com%2Fv_19rri0b9eg.html%3Fvfm%3Dm_331_dbdy%26fv%3D4904d94982104144a1548dd9040df241&subtype=9&type=online-video;https%3A%2F%2Fwww.ixigua.com%2Fcinema%2Falbum%2F80eajApT8fP%3Futm_source%3Ddouban&subtype=17&type=online-video&link2key=056f60e267
141,告白,8.8,日本,2010,剧情;悬疑,634973,没有一人完全善，也没有一人完全恶。,https://movie.douban.com/subject/4268598/,
142,釜山行,8.6,韩国,2016,动作;惊悚;灾难,1111692,揭露人性的丧尸题材力作。,https://movie.douban.com/subject/25986180/,
143,被解救的姜戈,8.8,美国,2012,剧情;动作;西部;冒险,565687,热血沸腾，那个低俗、性感的无耻混蛋又来了。,https://movie.douban.com/subject/6307447/,
144,阳光姐妹淘,8.8,韩国,2011,剧情;喜剧,563505,再多各自牛逼的时光，也比不上一起傻逼的岁月。 ,https://movie.douban.com/subject/4917726/,
145,射雕英雄传之东成西就,8.7,中国香港,1993,喜剧;奇幻;武侠;古装,592579,百看不厌。 ,https://movie.douban.com/subject/1316510/,http%3A%2F%2Fwww.iqiyi.com%2Fv_19rr7r6i2s.html%3Fvfm%3Dm_331_dbdy%26fv%3D4904d94982104144a1548dd9040df241&subtype=9&type=online-video
146,哈利·波特与火焰杯,8.7,英国 美国,2005,悬疑;奇幻;冒险,590106,,https://movie.douban.com/subject/1309055/,https%3A%2F%2Fm.miguvideo.com%2Fmgs%2Fmsite%2Fprd%2Fdetail.html%3Fcid%3D651578940%26pwId%3Dd01197d3076b4164af82983c408bb996&subtype=15&type=online-video&link2key=2b16ef4cb2;http%3A%2F%2Fwww.iqiyi.com%2Fv_19rrifgpdf.html%3Fvfm%3Dm_331_dbdy%26fv%3D4904d94982104144a1548dd9040df241&subtype=9&type=online-video;http%3A%2F%2Fv.qq.com%2Fx%2Fcover%2Fo275c9svl35mdv9.html%3Fptag%3Ddouban.movie&subtype=1&type=online-video;https%3A%2F%2Fwww.bilibili.com%2Fbangumi%2Fplay%2Fss28298%3Fbsource%3Ddouban&subtype=8&type=online-video&link2key=2b16ef4cb2
147,哪吒闹海,9.1,中国大陆,1979,冒险;动画;奇幻,238419,想你时你在闹海。,https://movie.douban.com/subject/1307315/,https%3A%2F%2Fm.miguvideo.com%2Fmgs%2Fmsite%2Fprd%2Fdetail.html%3Fcid%3D720751289%26pwId%3Dd01197d3076b4164af82983c408bb996&subtype=15&type=online-video&link2key=63e397665f;http%3A%2F%2Fv.qq.com%2Fx%2Fpage%2Fh0034e8m2lr.html%3Fptag%3Ddouban.cartoon&subtype=1&type=online-video;https%3A%2F%2Fv.youku.com%2Fv_show%2Fid_XODY1NjQzMzky.html%3Fspm%3Da2h0c.8166622.PhoneSokuProgram_1.3&subtype=3&type=online-video;http%3A%2F%2Fwww.iqiyi.com%2Fv_19rv1e457o.html%3Fvfm%3Dm_331_dbdy%26fv%3D4904d94982104144a1548dd9040df241&subtype=9&type=online-video;https%3A%2F%2Fwww.1905.com%2Fvod%2Fplay%2F791622.shtml%3F__hz%3D6e0721b2c6977135%26api_source%3Ddouban_vodadd&subtype=13&type=online-video&link2key=63e397665f;https%3A%2F%2Fwww.bilibili.com%2Fbangumi%2Fplay%2Fep63452%3Fbsource%3Ddouban&subtype=8&type=online-video&link2key=63e397665f
148,我是山姆,9.0,美国,2001,剧情;家庭,313180,爱并不需要智商 。,https://movie.douban.com/subject/1306861/,
149,恐怖直播,8.7,韩国,2013,剧情;犯罪;悬疑,607348,恐怖分子的“秋菊打官司”。,https://movie.douban.com/subject/21360417/,https%3A%2F%2Fv.youku.com%2Fv_show%2Fid_XNzExMDU3ODAw.html&subtype=3&type=online-video
150,新世界,8.9,韩国,2013,剧情;犯罪,375075,要做就做得狠一点，这样才能活下去。,https://movie.douban.com/subject/10437779/,
